image_id,image_path,alpha,theta_gt,raw_theta_shift,theta_attack_hat,theta_hat_raw,theta_hat,angle_sign,angle_error,angle_error_mod180,best_score,top2_score,corr_margin,ambiguity_resolved,candidate_score_0,candidate_score_180,diff_theta_hat,diff_angle_error,diff_best_score,diff_corr_margin,diff_rot_theta_shift,diff_rot_attack_hat,diff_rot_attack_error,diff_rot_theta_hat,diff_rot_angle_error,diff_rot_best_score,diff_rot_corr_margin,psnr_anchor,ssim_anchor,psnr_clean,ssim_clean,vae_mse_anchor,vae_mse_clean,vae_mse_symmetric,vae_mse_clean_canonical,vae_mse_clean_predcorr,vae_mse_clean_oraclecorr,vae_mse_symmetric_canonical,vae_mse_symmetric_predcorr,vae_mse_symmetric_oraclecorr,vae_cos_anchor,vae_cos_clean,vae_cos_symmetric,vae_cos_clean_canonical,vae_cos_clean_predcorr,vae_cos_clean_oraclecorr,vae_cos_symmetric_canonical,vae_cos_symmetric_predcorr,vae_cos_symmetric_oraclecorr,runtime_ms
orientation_batch_00,datasets/synthetic_orientation_512/orientation_batch_00.png,0.15,5.0,176.0,4.0,176.0,4.0,raw,1.0,1.0,142.40687561035156,142.40687561035156,0.0,False,nan,nan,0.0,0.0,258.5009765625,0.0,175.0,5.0,0.0,5.0,0.0,246.78314208984375,0.0,43.87017429930397,0.9992877995612606,21.247250778547784,0.8698997941747159,0.716299295425415,9.04217449715361e-05,0.4361308813095093,9.04217449715361e-05,6.622794151306152,1.7401328086853027,0.4361308813095093,6.432586193084717,2.019465446472168,0.9839686112671281,0.9999979935168686,0.9903705103363062,0.9999979935168686,0.8540712742263397,0.9621488546464795,0.9903705103363062,0.8569178964533208,0.9551678551000921,3921.496668830514
orientation_batch_00,datasets/synthetic_orientation_512/orientation_batch_00.png,0.15,10.0,171.0,9.0,171.0,9.0,raw,1.0,1.0,140.5899200439453,140.5899200439453,0.0,False,nan,nan,0.0,0.0,258.5009765625,0.0,170.0,10.0,0.0,10.0,0.0,239.59999084472656,0.0,43.87017429930397,0.9992877995612606,20.95122035268229,0.8605470284221104,0.716299295425415,9.04217449715361e-05,0.4361308813095093,9.04217449715361e-05,7.109230041503906,3.059509754180908,0.4361308813095093,6.976415634155273,3.193904399871826,0.9839686112671281,0.9999979935168686,0.9903705103363062,0.9999979935168686,0.8431175877819862,0.9330144163914732,0.9903705103363062,0.8445317249957343,0.9287862355978935,3526.931419968605
orientation_batch_00,datasets/synthetic_orientation_512/orientation_batch_00.png,0.15,15.0,166.0,14.0,166.0,14.0,raw,1.0,1.0,107.70277404785156,107.70277404785156,0.0,False,nan,nan,0.0,0.0,258.5009765625,0.0,165.0,15.0,0.0,15.0,0.0,244.35659790039062,0.0,43.87017429930397,0.9992877995612606,20.513571401698215,0.8465520436425823,0.716299295425415,9.04217449715361e-05,0.4361308813095093,9.04217449715361e-05,7.79602575302124,4.0883870124816895,0.4361308813095093,7.778058052062988,4.272952079772949,0.9839686112671281,0.9999979935168686,0.9903705103363062,0.9999979935168686,0.8278699685732787,0.909887860090851,0.9903705103363062,0.8268289079223362,0.90438985300337,3372.4683932960033
orientation_batch_00,datasets/synthetic_orientation_512/orientation_batch_00.png,0.15,30.0,151.0,29.0,151.0,29.0,raw,1.0,1.0,84.85582733154297,84.85582733154297,0.0,False,nan,nan,0.0,0.0,258.5009765625,0.0,151.0,29.0,1.0,29.0,1.0,229.123046875,0.0,43.87017429930397,0.9992877995612606,19.47075052897582,0.8129155912961273,0.716299295425415,9.04217449715361e-05,0.4361308813095093,9.04217449715361e-05,9.611123085021973,6.2236714363098145,0.4361308813095093,9.590045928955078,6.30658483505249,0.9839686112671281,0.9999979935168686,0.9903705103363062,0.9999979935168686,0.7862998277104934,0.8619012921602894,0.9903705103363062,0.7850421556937534,0.8579565727957723,3345.499150454998
orientation_batch_00,datasets/synthetic_orientation_512/orientation_batch_00.png,0.15,45.0,136.0,44.0,136.0,44.0,raw,1.0,1.0,98.7001953125,98.7001953125,0.0,False,nan,nan,0.0,0.0,258.5009765625,0.0,135.0,45.0,0.0,45.0,0.0,231.95042419433594,0.0,43.87017429930397,0.9992877995612606,19.39952009747301,0.8084976342153137,0.716299295425415,9.04217449715361e-05,0.4361308813095093,9.04217449715361e-05,9.70132064819336,6.593749046325684,0.4361308813095093,9.613578796386719,6.674990653991699,0.9839686112671281,0.9999979935168686,0.9903705103363062,0.9999979935168686,0.7848915504007701,0.8549229286586706,0.9903705103363062,0.7851542365340277,0.8509723931726296,3488.847251981497
orientation_batch_00,datasets/synthetic_orientation_512/orientation_batch_00.png,0.15,60.0,121.00000000000001,58.999999999999986,121.00000000000001,58.999999999999986,raw,1.0000000000000142,1.0000000000000142,105.86457824707031,105.86457824707031,0.0,False,nan,nan,0.0,0.0,258.5009765625,0.0,120.0,60.0,0.0,60.0,0.0,233.80186462402344,0.0,43.87017429930397,0.9992877995612606,19.419614148764722,0.8107576576049356,0.716299295425415,9.04217449715361e-05,0.4361308813095093,9.04217449715361e-05,10.141251564025879,6.651473045349121,0.4361308813095093,10.096235275268555,6.80145263671875,0.9839686112671281,0.9999979935168686,0.9903705103363062,0.9999979935168686,0.7748930006573391,0.8524359150286808,0.9903705103363062,0.7739998083750267,0.8467757401595783,3459.201877936721
orientation_batch_00,datasets/synthetic_orientation_512/orientation_batch_00.png,0.15,75.0,106.0,74.0,106.0,74.0,raw,1.0,1.0,157.3867645263672,157.3867645263672,0.0,False,nan,nan,0.0,0.0,258.5009765625,0.0,106.0,74.0,1.0,74.0,1.0,244.71484375,0.0,43.87017429930397,0.9992877995612606,20.173161741017836,0.8352468102468565,0.716299295425415,9.04217449715361e-05,0.4361308813095093,9.04217449715361e-05,8.49040412902832,4.496988296508789,0.4361308813095093,8.44904613494873,4.640096664428711,0.9839686112671281,0.9999979935168686,0.9903705103363062,0.9999979935168686,0.8115026120749906,0.900757078137832,0.9903705103363062,0.8107014803366565,0.896016331871654,3399.652013555169
orientation_batch_00,datasets/synthetic_orientation_512/orientation_batch_00.png,0.15,90.0,91.0,89.0,91.0,89.0,raw,1.0,1.0,175.60928344726562,175.60928344726562,0.0,False,nan,nan,0.0,0.0,258.5009765625,0.0,90.0,90.0,0.0,90.0,0.0,258.5008544921875,0.0,43.87017429930397,0.9992877995612606,21.155319351514358,0.8692599304682601,0.716299295425415,9.04217449715361e-05,0.4361308813095093,9.04217449715361e-05,6.268389701843262,9.05017732293345e-05,0.4361308813095093,5.9863409996032715,0.43613100051879883,0.9839686112671281,0.9999979935168686,0.9903705103363062,0.9999979935168686,0.8607260065355411,0.9999979917430545,0.9903705103363062,0.8653082809313375,0.9903705087355215,3517.344268038869
orientation_batch_00,datasets/synthetic_orientation_512/orientation_batch_00.png,0.15,120.0,61.0,119.0,61.0,119.0,raw,1.0,1.0,84.85586547851562,84.85586547851562,0.0,False,nan,nan,0.0,0.0,258.5009765625,0.0,61.0,119.0,1.0,119.0,1.0,229.12330627441406,0.0,43.87017429930397,0.9992877995612606,19.47075052897582,0.8129155912961273,0.716299295425415,9.04217449715361e-05,0.4361308813095093,9.04217449715361e-05,9.611123085021973,6.2236714363098145,0.4361308813095093,9.590045928955078,6.30658483505249,0.9839686112671281,0.9999979935168686,0.9903705103363062,0.9999979935168686,0.7862998277104934,0.8619012921602894,0.9903705103363062,0.7850421556937534,0.8579565727957723,3501.3761613518
orientation_batch_00,datasets/synthetic_orientation_512/orientation_batch_00.png,0.15,150.0,31.0,149.0,31.0,149.0,raw,1.0,1.0,105.86459350585938,105.86459350585938,0.0,False,nan,nan,0.0,0.0,258.5009765625,0.0,30.0,150.0,0.0,150.0,0.0,233.8018035888672,0.0,43.87017429930397,0.9992877995612606,19.419614148764722,0.8107576576049356,0.716299295425415,9.04217449715361e-05,0.4361308813095093,9.04217449715361e-05,10.141251564025879,6.651473045349121,0.4361308813095093,10.096235275268555,6.80145263671875,0.9839686112671281,0.9999979935168686,0.9903705103363062,0.9999979935168686,0.7748930006573391,0.8524359150286808,0.9903705103363062,0.7739998083750267,0.8467757401595783,3359.0995986014605
orientation_batch_00,datasets/synthetic_orientation_512/orientation_batch_00.png,0.15,180.0,1.0,179.0,1.0,179.0,raw,1.0,1.0,175.609375,175.609375,0.0,False,nan,nan,0.0,0.0,258.5009765625,0.0,0.0,0.0,0.0,0.0,0.0,258.5009765625,0.0,43.87017429930397,0.9992877995612606,21.155319351514358,0.8692599304682601,0.716299295425415,9.04217449715361e-05,0.4361308813095093,9.04217449715361e-05,6.268389701843262,9.05017732293345e-05,0.4361308813095093,5.9863409996032715,0.43613100051879883,0.9839686112671281,0.9999979935168686,0.9903705103363062,0.9999979935168686,0.8607260065355411,0.9999979917430545,0.9903705103363062,0.8653082809313375,0.9903705087355215,3473.5879227519035
orientation_batch_01,datasets/synthetic_orientation_512/orientation_batch_01.png,0.15,5.0,176.0,4.0,176.0,4.0,raw,1.0,1.0,142.99644470214844,142.99644470214844,0.0,False,nan,nan,0.0,0.0,258.5786437988281,0.0,176.0,4.0,1.0,4.0,1.0,240.2814178466797,0.0,43.51236342479575,0.9992237144726895,22.08010473431375,0.896410572504665,3.597193479537964,5.1442177209537476e-05,2.556654453277588,5.1442177209537476e-05,6.88230562210083,2.4307732582092285,2.556654453277588,6.285379409790039,3.0004048347473145,0.9255754556061316,0.9999989514327808,0.9464918952603618,0.9999989514327808,0.8630857293380574,0.9517615192752498,0.9464918952603618,0.8719603007202551,0.9387738272608671,3266.143437474966
orientation_batch_01,datasets/synthetic_orientation_512/orientation_batch_01.png,0.15,10.0,171.0,9.0,171.0,9.0,raw,1.0,1.0,152.048095703125,152.048095703125,0.0,False,nan,nan,0.0,0.0,258.5786437988281,0.0,170.0,10.0,0.0,10.0,0.0,246.65957641601562,0.0,43.51236342479575,0.9992237144726895,21.800924733972703,0.8874588429666962,3.597193479537964,5.1442177209537476e-05,2.556654453277588,5.1442177209537476e-05,7.531007766723633,3.543173313140869,2.556654453277588,6.808013916015625,4.032801151275635,0.9255754556061316,0.9999989514327808,0.9464918952603618,0.9999989514327808,0.8493068330535083,0.9286187622774116,0.9464918952603618,0.860523221784734,0.9170960483989936,3258.8999960571527
orientation_batch_01,datasets/synthetic_orientation_512/orientation_batch_01.png,0.15,15.0,166.0,14.0,166.0,14.0,raw,1.0,1.0,117.33116912841797,117.33116912841797,0.0,False,nan,nan,0.0,0.0,258.5786437988281,0.0,165.0,15.0,0.0,15.0,0.0,239.05615234375,0.0,43.51236342479575,0.9992237144726895,21.367432901707147,0.8750973311996044,3.597193479537964,5.1442177209537476e-05,2.556654453277588,5.1442177209537476e-05,8.082473754882812,4.585251808166504,2.556654453277588,7.408649921417236,4.849532127380371,0.9255754556061316,0.9999989514327808,0.9464918952603618,0.9999989514327808,0.8368893644458538,0.9069231042180017,0.9464918952603618,0.8472834333191107,0.8995208022920951,3261.3227125257254
orientation_batch_01,datasets/synthetic_orientation_512/orientation_batch_01.png,0.15,30.0,151.0,29.0,151.0,29.0,raw,1.0,1.0,94.32324981689453,94.32324981689453,0.0,False,nan,nan,0.0,0.0,258.5786437988281,0.0,150.0,30.0,0.0,30.0,0.0,230.7971649169922,0.0,43.51236342479575,0.9992237144726895,19.979623540125527,0.8297782089319511,3.597193479537964,5.1442177209537476e-05,2.556654453277588,5.1442177209537476e-05,10.439422607421875,7.068138122558594,2.556654453277588,9.90757942199707,7.159308910369873,0.9255754556061316,0.9999989514327808,0.9464918952603618,0.9999989514327808,0.786159848575311,0.8547852282201237,0.9464918952603618,0.7931904160160727,0.8497101717632439,3226.4382001012564
orientation_batch_01,datasets/synthetic_orientation_512/orientation_batch_01.png,0.15,45.0,136.0,44.0,136.0,44.0,raw,1.0,1.0,121.19488525390625,121.19488525390625,0.0,False,nan,nan,0.0,0.0,258.5786437988281,0.0,135.0,45.0,0.0,45.0,0.0,238.04859924316406,0.0,43.51236342479575,0.9992237144726895,19.578772776075965,0.8092247864498882,3.597193479537964,5.1442177209537476e-05,2.556654453277588,5.1442177209537476e-05,9.973369598388672,6.897601127624512,2.556654453277588,9.259380340576172,6.8248291015625,0.9255754556061316,0.9999989514327808,0.9464918952603618,0.9999989514327808,0.7979414208088115,0.8613209681553897,0.9464918952603618,0.8079308425657907,0.8592477231442327,3213.1119407713413
orientation_batch_01,datasets/synthetic_orientation_512/orientation_batch_01.png,0.15,60.0,121.00000000000001,58.999999999999986,121.00000000000001,58.999999999999986,raw,1.0000000000000142,1.0000000000000142,91.67698669433594,91.67698669433594,0.0,False,nan,nan,0.0,0.0,258.5786437988281,0.0,120.0,60.0,0.0,60.0,0.0,229.6256561279297,0.0,43.51236342479575,0.9992237144726895,19.60079869114941,0.8129182337745542,3.597193479537964,5.1442177209537476e-05,2.556654453277588,5.1442177209537476e-05,10.254243850708008,7.091869354248047,2.556654453277588,9.411317825317383,6.791071891784668,0.9255754556061316,0.9999989514327808,0.9464918952603618,0.9999989514327808,0.7907731548701217,0.8549447664986624,0.9464918952603618,0.8036467166299066,0.8579952620868275,3413.5679826140404
orientation_batch_01,datasets/synthetic_orientation_512/orientation_batch_01.png,0.15,75.0,106.0,74.0,106.0,74.0,raw,1.0,1.0,148.67958068847656,148.67958068847656,0.0,False,nan,nan,0.0,0.0,258.5786437988281,0.0,105.0,75.0,0.0,75.0,0.0,240.50794982910156,0.0,43.51236342479575,0.9992237144726895,20.69928396511581,0.8536805274563242,3.597193479537964,5.1442177209537476e-05,2.556654453277588,5.1442177209537476e-05,8.85512924194336,4.631653308868408,2.556654453277588,7.878251075744629,4.826621055603027,0.9255754556061316,0.9999989514327808,0.9464918952603618,0.9999989514327808,0.8204824645000829,0.9061294136489412,0.9464918952603618,0.8365920839221553,0.899762521876994,3262.4514512717724
orientation_batch_01,datasets/synthetic_orientation_512/orientation_batch_01.png,0.15,90.0,91.0,89.0,91.0,89.0,raw,1.0,1.0,183.2677459716797,183.2677459716797,0.0,False,nan,nan,0.0,0.0,258.5786437988281,0.0,90.0,90.0,0.0,90.0,0.0,258.5785217285156,0.0,43.51236342479575,0.9992237144726895,21.841162888838767,0.8914508832094628,3.597193479537964,5.1442177209537476e-05,2.556654453277588,5.1442177209537476e-05,7.244836807250977,5.145207978785038e-05,2.556654453277588,6.275594711303711,2.556654930114746,0.9255754556061316,0.9999989514327808,0.9464918952603618,0.9999989514327808,0.8530659556614101,0.9999989512619564,0.9464918952603618,0.8692245304902674,0.9464918847627739,3325.286418199539
orientation_batch_01,datasets/synthetic_orientation_512/orientation_batch_01.png,0.15,120.0,61.0,119.0,61.0,119.0,raw,1.0,1.0,94.32345581054688,94.32345581054688,0.0,False,nan,nan,0.0,0.0,258.5786437988281,0.0,60.0,120.0,0.0,120.0,0.0,230.79685974121094,0.0,43.51236342479575,0.9992237144726895,19.979623540125527,0.8297782089319511,3.597193479537964,5.1442177209537476e-05,2.556654453277588,5.1442177209537476e-05,10.439422607421875,7.068138122558594,2.556654453277588,9.90757942199707,7.159308910369873,0.9255754556061316,0.9999989514327808,0.9464918952603618,0.9999989514327808,0.786159848575311,0.8547852282201237,0.9464918952603618,0.7931904160160727,0.8497101717632439,3324.9420281499624
orientation_batch_01,datasets/synthetic_orientation_512/orientation_batch_01.png,0.15,150.0,31.0,149.0,31.0,149.0,raw,1.0,1.0,91.6771469116211,91.6771469116211,0.0,False,nan,nan,0.0,0.0,258.5786437988281,0.0,30.0,150.0,0.0,150.0,0.0,229.62538146972656,0.0,43.51236342479575,0.9992237144726895,19.60079869114941,0.8129182337745542,3.597193479537964,5.1442177209537476e-05,2.556654453277588,5.1442177209537476e-05,10.254243850708008,7.091869354248047,2.556654453277588,9.411317825317383,6.791071891784668,0.9255754556061316,0.9999989514327808,0.9464918952603618,0.9999989514327808,0.7907731548701217,0.8549447664986624,0.9464918952603618,0.8036467166299066,0.8579952620868275,3337.40952052176
orientation_batch_01,datasets/synthetic_orientation_512/orientation_batch_01.png,0.15,180.0,1.0,179.0,1.0,179.0,raw,1.0,1.0,183.2679443359375,183.2679443359375,0.0,False,nan,nan,0.0,0.0,258.5786437988281,0.0,0.0,0.0,0.0,0.0,0.0,258.5786437988281,0.0,43.51236342479575,0.9992237144726895,21.841162888838767,0.8914508832094628,3.597193479537964,5.1442177209537476e-05,2.556654453277588,5.1442177209537476e-05,7.244836807250977,5.145207978785038e-05,2.556654453277588,6.275594711303711,2.556654930114746,0.9255754556061316,0.9999989514327808,0.9464918952603618,0.9999989514327808,0.8530659556614101,0.9999989512619564,0.9464918952603618,0.8692245304902674,0.9464918847627739,3427.3840952664614
orientation_batch_02,datasets/synthetic_orientation_512/orientation_batch_02.png,0.15,5.0,176.0,4.0,176.0,4.0,raw,1.0,1.0,147.29466247558594,147.29466247558594,0.0,False,nan,nan,0.0,0.0,258.90936279296875,0.0,176.0,4.0,1.0,4.0,1.0,243.86610412597656,0.0,43.40443928001104,0.9992192534747751,22.182464661967707,0.8989633317693372,3.44499135017395,0.00021143414778634906,2.3033833503723145,0.00021143414778634906,7.0484161376953125,2.431530475616455,2.3033833503723145,6.342484474182129,3.253627300262451,0.9251536474782005,0.9999954479135869,0.9492071265760976,0.9999954479135869,0.8532557808450801,0.9493155135037932,0.9492071265760976,0.8646641381439476,0.9301980643203489,3409.497981891036
orientation_batch_02,datasets/synthetic_orientation_512/orientation_batch_02.png,0.15,10.0,171.0,9.0,171.0,9.0,raw,1.0,1.0,157.5548095703125,157.5548095703125,0.0,False,nan,nan,0.0,0.0,258.90936279296875,0.0,170.0,10.0,0.0,10.0,0.0,243.31956481933594,0.0,43.40443928001104,0.9992192534747751,21.6754027479887,0.8847488861240956,3.44499135017395,0.00021143414778634906,2.3033833503723145,0.00021143414778634906,7.652312278747559,3.9525105953216553,2.3033833503723145,6.881021499633789,4.402766227722168,0.9251536474782005,0.9999954479135869,0.9492071265760976,0.9999954479135869,0.8400969533214176,0.9164886237910426,0.9492071265760976,0.8524680818462532,0.9049726513593281,3142.315659672022
orientation_batch_02,datasets/synthetic_orientation_512/orientation_batch_02.png,0.15,15.0,166.0,14.0,166.0,14.0,raw,1.0,1.0,125.23087310791016,125.23087310791016,0.0,False,nan,nan,0.0,0.0,258.90936279296875,0.0,165.0,15.0,0.0,15.0,0.0,241.3430633544922,0.0,43.40443928001104,0.9992192534747751,21.064217845342842,0.8675144277696281,3.44499135017395,0.00021143414778634906,2.3033833503723145,0.00021143414778634906,8.192850112915039,5.008133888244629,2.3033833503723145,7.508920192718506,5.364220142364502,0.9251536474782005,0.9999954479135869,0.9492071265760976,0.9999954479135869,0.8271131623242842,0.8931981628801883,0.9492071265760976,0.8380394987511334,0.883290313997683,3245.716629549861
orientation_batch_02,datasets/synthetic_orientation_512/orientation_batch_02.png,0.15,30.0,151.0,29.0,151.0,29.0,raw,1.0,1.0,96.62664794921875,96.62664794921875,0.0,False,nan,nan,0.0,0.0,258.90936279296875,0.0,150.0,30.0,0.0,30.0,0.0,229.15602111816406,0.0,43.40443928001104,0.9992192534747751,19.676093419477493,0.8209987570968243,3.44499135017395,0.00021143414778634906,2.3033833503723145,0.00021143414778634906,10.487802505493164,7.146402359008789,2.3033833503723145,9.861616134643555,6.952530384063721,0.9251536474782005,0.9999954479135869,0.9492071265760976,0.9999954479135869,0.775516453751189,0.8456384686611492,0.9492071265760976,0.7849216499275243,0.8467265099637435,3275.431100279093
orientation_batch_02,datasets/synthetic_orientation_512/orientation_batch_02.png,0.15,45.0,136.0,44.0,136.0,44.0,raw,1.0,1.0,105.8488540649414,105.8488540649414,0.0,False,nan,nan,0.0,0.0,258.90936279296875,0.0,135.0,45.0,0.0,45.0,0.0,238.07614135742188,0.0,43.40443928001104,0.9992192534747751,19.621916842517464,0.818347074779534,3.44499135017395,0.00021143414778634906,2.3033833503723145,0.00021143414778634906,9.65878963470459,6.604240417480469,2.3033833503723145,8.804072380065918,6.317306995391846,0.9251536474782005,0.9999954479135869,0.9492071265760976,0.9999954479135869,0.7964783739795473,0.8616318752625652,0.9492071265760976,0.8095278511503705,0.8635796352464014,3433.79957228899
orientation_batch_02,datasets/synthetic_orientation_512/orientation_batch_02.png,0.15,60.0,121.00000000000001,58.999999999999986,121.00000000000001,58.999999999999986,raw,1.0000000000000142,1.0000000000000142,93.3648910522461,93.3648910522461,0.0,False,nan,nan,0.0,0.0,258.90936279296875,0.0,120.0,60.0,0.0,60.0,0.0,231.05889892578125,0.0,43.40443928001104,0.9992192534747751,19.84245532467671,0.8290195032509106,3.44499135017395,0.00021143414778634906,2.3033833503723145,0.00021143414778634906,9.95150375366211,6.296469688415527,2.3033833503723145,9.121051788330078,6.442493438720703,0.9251536474782005,0.9999954479135869,0.9492071265760976,0.9999954479135869,0.7889018054597048,0.8657163843098641,0.9492071265760976,0.8019035494595211,0.8595414783743781,3415.064424276352
orientation_batch_02,datasets/synthetic_orientation_512/orientation_batch_02.png,0.15,75.0,106.0,74.0,106.0,74.0,raw,1.0,1.0,156.61119079589844,156.61119079589844,0.0,False,nan,nan,0.0,0.0,258.90936279296875,0.0,105.0,75.0,0.0,75.0,0.0,242.4665985107422,0.0,43.40443928001104,0.9992192534747751,20.558917165903843,0.852300177662291,3.44499135017395,0.00021143414778634906,2.3033833503723145,0.00021143414778634906,9.019781112670898,4.655961036682129,2.3033833503723145,8.237586975097656,4.893621921539307,0.9251536474782005,0.9999954479135869,0.9492071265760976,0.9999954479135869,0.809504281733852,0.9008294910161425,0.9492071265760976,0.821443779511186,0.8933748592852165,3551.364691928029
orientation_batch_02,datasets/synthetic_orientation_512/orientation_batch_02.png,0.15,90.0,91.0,89.0,91.0,89.0,raw,1.0,1.0,191.69058227539062,191.69058227539062,0.0,False,nan,nan,0.0,0.0,258.90936279296875,0.0,90.0,90.0,0.0,90.0,0.0,258.9092102050781,0.0,43.40443928001104,0.9992192534747751,21.958785639464313,0.8955938586578099,3.44499135017395,0.00021143414778634906,2.3033833503723145,0.00021143414778634906,7.598093032836914,0.000211614285944961,2.3033833503723145,6.272889137268066,2.3033838272094727,0.9251536474782005,0.9999954479135869,0.9492071265760976,0.9999954479135869,0.839088735229457,0.9999954440451715,0.9492071265760976,0.8628404958879019,0.9492071150695574,3480.6853514164686
orientation_batch_02,datasets/synthetic_orientation_512/orientation_batch_02.png,0.15,120.0,61.0,119.0,61.0,119.0,raw,1.0,1.0,96.62667846679688,96.62667846679688,0.0,False,nan,nan,0.0,0.0,258.90936279296875,0.0,60.0,120.0,0.0,120.0,0.0,229.15579223632812,0.0,43.40443928001104,0.9992192534747751,19.676093419477493,0.8209987570968243,3.44499135017395,0.00021143414778634906,2.3033833503723145,0.00021143414778634906,10.487802505493164,7.146402359008789,2.3033833503723145,9.861616134643555,6.952530384063721,0.9251536474782005,0.9999954479135869,0.9492071265760976,0.9999954479135869,0.775516453751189,0.8456384686611492,0.9492071265760976,0.7849216499275243,0.8467265099637435,3414.4181106239557
orientation_batch_02,datasets/synthetic_orientation_512/orientation_batch_02.png,0.15,150.0,31.0,149.0,31.0,149.0,raw,1.0,1.0,93.36507415771484,93.36507415771484,0.0,False,nan,nan,0.0,0.0,258.90936279296875,0.0,30.0,150.0,0.0,150.0,0.0,231.05874633789062,0.0,43.40443928001104,0.9992192534747751,19.84245532467671,0.8290195032509106,3.44499135017395,0.00021143414778634906,2.3033833503723145,0.00021143414778634906,9.95150375366211,6.296469688415527,2.3033833503723145,9.121051788330078,6.442493438720703,0.9251536474782005,0.9999954479135869,0.9492071265760976,0.9999954479135869,0.7889018054597048,0.8657163843098641,0.9492071265760976,0.8019035494595211,0.8595414783743781,3443.368576467037
orientation_batch_02,datasets/synthetic_orientation_512/orientation_batch_02.png,0.15,180.0,1.0,179.0,1.0,179.0,raw,1.0,1.0,191.69065856933594,191.69065856933594,0.0,False,nan,nan,0.0,0.0,258.90936279296875,0.0,0.0,0.0,0.0,0.0,0.0,258.90936279296875,0.0,43.40443928001104,0.9992192534747751,21.958785639464313,0.8955938586578099,3.44499135017395,0.00021143414778634906,2.3033833503723145,0.00021143414778634906,7.598093032836914,0.000211614285944961,2.3033833503723145,6.272889137268066,2.3033838272094727,0.9251536474782005,0.9999954479135869,0.9492071265760976,0.9999954479135869,0.839088735229457,0.9999954440451715,0.9492071265760976,0.8628404958879019,0.9492071150695574,3373.632960021496
orientation_batch_03,datasets/synthetic_orientation_512/orientation_batch_03.png,0.15,5.0,175.0,5.0,175.0,5.0,raw,0.0,0.0,125.89502716064453,125.89502716064453,0.0,False,nan,nan,0.0,0.0,258.41650390625,0.0,176.0,4.0,1.0,4.0,1.0,241.2683868408203,0.0,44.0231618969295,0.9993167180314946,28.94214134894281,0.9785416455529975,3.118765354156494,0.0002911505871452391,2.0333404541015625,0.0002911505871452391,2.448129892349243,2.448129653930664,2.0333404541015625,3.3224973678588867,3.322497844696045,0.9354437034576605,0.9999940462405773,0.9575316025572048,0.9999940462405773,0.951461579021198,0.9514615873187741,0.9575316025572048,0.9324232964327428,0.9324232873754745,3460.8293492347
orientation_batch_03,datasets/synthetic_orientation_512/orientation_batch_03.png,0.15,10.0,171.0,9.0,171.0,9.0,raw,1.0,1.0,144.67726135253906,144.67726135253906,0.0,False,nan,nan,0.0,0.0,258.41650390625,0.0,171.0,9.0,1.0,9.0,1.0,242.0339813232422,0.0,44.0231618969295,0.9993167180314946,22.161185599360014,0.8992363254594696,3.118765354156494,0.0002911505871452391,2.0333404541015625,0.0002911505871452391,7.387143135070801,3.254094123840332,2.0333404541015625,6.561164855957031,3.8403396606445312,0.9354437034576605,0.9999940462405773,0.9575316025572048,0.9999940462405773,0.8528548159086954,0.9345948967060864,0.9575316025572048,0.865949408484964,0.9213594725214544,3413.5431461036205
orientation_batch_03,datasets/synthetic_orientation_512/orientation_batch_03.png,0.15,15.0,166.0,14.0,166.0,14.0,raw,1.0,1.0,104.1692886352539,104.1692886352539,0.0,False,nan,nan,0.0,0.0,258.41650390625,0.0,165.0,15.0,0.0,15.0,0.0,245.0912322998047,0.0,44.0231618969295,0.9993167180314946,21.780451540171512,0.8904650585626666,3.118765354156494,0.0002911505871452391,2.0333404541015625,0.0002911505871452391,8.209124565124512,4.148004531860352,2.0333404541015625,7.486781597137451,4.6559929847717285,0.9354437034576605,0.9999940462405773,0.9575316025572048,0.9999940462405773,0.8348853564750497,0.915952082824037,0.9575316025572048,0.8462513275793405,0.903907429487172,3395.292179659009
orientation_batch_03,datasets/synthetic_orientation_512/orientation_batch_03.png,0.15,30.0,151.0,29.0,151.0,29.0,raw,1.0,1.0,91.5724868774414,91.5724868774414,0.0,False,nan,nan,0.0,0.0,258.41650390625,0.0,150.0,30.0,0.0,30.0,0.0,234.26992797851562,0.0,44.0231618969295,0.9993167180314946,20.509068214790478,0.8576656022699408,3.118765354156494,0.0002911505871452391,2.0333404541015625,0.0002911505871452391,10.533617973327637,6.7310895919799805,2.0333404541015625,9.813854217529297,6.848215103149414,0.9354437034576605,0.9999940462405773,0.9575316025572048,0.9999940462405773,0.7847442177360845,0.8615551896472837,0.9575316025572048,0.7957070100259888,0.8565782989703566,3303.329775109887
orientation_batch_03,datasets/synthetic_orientation_512/orientation_batch_03.png,0.15,45.0,136.0,44.0,136.0,44.0,raw,1.0,1.0,109.2466049194336,109.2466049194336,0.0,False,nan,nan,0.0,0.0,258.41650390625,0.0,135.0,45.0,0.0,45.0,0.0,234.37017822265625,0.0,44.0231618969295,0.9993167180314946,20.39016380234548,0.8518813394915318,3.118765354156494,0.0002911505871452391,2.0333404541015625,0.0002911505871452391,9.462726593017578,6.309177875518799,2.0333404541015625,8.825255393981934,6.234433650970459,0.9354437034576605,0.9999940462405773,0.9575316025572048,0.9999940462405773,0.8090907952700652,0.8733585986766714,0.9575316025572048,0.8175075825355652,0.8714329965069605,3333.6473871022463
orientation_batch_03,datasets/synthetic_orientation_512/orientation_batch_03.png,0.15,60.0,121.00000000000001,58.999999999999986,121.00000000000001,58.999999999999986,raw,1.0000000000000142,1.0000000000000142,84.59246826171875,84.59246826171875,0.0,False,nan,nan,0.0,0.0,258.41650390625,0.0,120.0,60.0,0.0,60.0,0.0,228.21676635742188,0.0,44.0231618969295,0.9993167180314946,20.48171691932348,0.8571598806489389,3.118765354156494,0.0002911505871452391,2.0333404541015625,0.0002911505871452391,9.635846138000488,6.4455156326293945,2.0333404541015625,8.958097457885742,6.437007904052734,0.9354437034576605,0.9999940462405773,0.9575316025572048,0.9999940462405773,0.8042340510262592,0.8684166575704884,0.9575316025572048,0.8138437397730328,0.8659126450940837,3402.8144869953394
orientation_batch_03,datasets/synthetic_orientation_512/orientation_batch_03.png,0.15,75.0,106.0,74.0,106.0,74.0,raw,1.0,1.0,146.71275329589844,146.71275329589844,0.0,False,nan,nan,0.0,0.0,258.41650390625,0.0,105.0,75.0,0.0,75.0,0.0,243.0915985107422,0.0,44.0231618969295,0.9993167180314946,21.360828572818868,0.8799699337643224,3.118765354156494,0.0002911505871452391,2.0333404541015625,0.0002911505871452391,8.402729988098145,4.288827896118164,2.0333404541015625,7.552516937255859,4.598282814025879,0.9354437034576605,0.9999940462405773,0.9575316025572048,0.9999940462405773,0.8304980053384028,0.9130561757710615,0.9575316025572048,0.8437096378230304,0.9046755061174995,3372.086811810732
orientation_batch_03,datasets/synthetic_orientation_512/orientation_batch_03.png,0.15,90.0,91.0,89.0,91.0,89.0,raw,1.0,1.0,177.1107635498047,177.1107635498047,0.0,False,nan,nan,0.0,0.0,258.41650390625,0.0,90.0,90.0,0.0,90.0,0.0,258.4163513183594,0.0,44.0231618969295,0.9993167180314946,22.10971655119948,0.899701983795134,3.118765354156494,0.0002911505871452391,2.0333404541015625,0.0002911505871452391,6.895303249359131,0.0002910022158175707,2.0333404541015625,6.056771278381348,2.033339262008667,0.9354437034576605,0.9999940462405773,0.9575316025572048,0.9999940462405773,0.8601798353768778,0.9999940492750878,0.9575316025572048,0.8737532183917764,0.95753162694226,3423.5649332404137
orientation_batch_03,datasets/synthetic_orientation_512/orientation_batch_03.png,0.15,120.0,61.0,119.0,61.0,119.0,raw,1.0,1.0,91.57254791259766,91.57254791259766,0.0,False,nan,nan,0.0,0.0,258.41650390625,0.0,60.0,120.0,0.0,120.0,0.0,234.26974487304688,0.0,44.0231618969295,0.9993167180314946,20.509068214790478,0.8576656022699408,3.118765354156494,0.0002911505871452391,2.0333404541015625,0.0002911505871452391,10.533617973327637,6.7310895919799805,2.0333404541015625,9.813854217529297,6.848215103149414,0.9354437034576605,0.9999940462405773,0.9575316025572048,0.9999940462405773,0.7847442177360845,0.8615551896472837,0.9575316025572048,0.7957070100259888,0.8565782989703566,3433.0631252378225
orientation_batch_03,datasets/synthetic_orientation_512/orientation_batch_03.png,0.15,150.0,31.0,149.0,31.0,149.0,raw,1.0,1.0,84.592529296875,84.592529296875,0.0,False,nan,nan,0.0,0.0,258.41650390625,0.0,30.0,150.0,0.0,150.0,0.0,228.21665954589844,0.0,44.0231618969295,0.9993167180314946,20.48171691932348,0.8571598806489389,3.118765354156494,0.0002911505871452391,2.0333404541015625,0.0002911505871452391,9.635846138000488,6.4455156326293945,2.0333404541015625,8.958097457885742,6.437007904052734,0.9354437034576605,0.9999940462405773,0.9575316025572048,0.9999940462405773,0.8042340510262592,0.8684166575704884,0.9575316025572048,0.8138437397730328,0.8659126450940837,3355.1381155848503
orientation_batch_03,datasets/synthetic_orientation_512/orientation_batch_03.png,0.15,180.0,1.0,179.0,1.0,179.0,raw,1.0,1.0,177.1107940673828,177.1107940673828,0.0,False,nan,nan,0.0,0.0,258.41650390625,0.0,0.0,0.0,0.0,0.0,0.0,258.41650390625,0.0,44.0231618969295,0.9993167180314946,22.10971655119948,0.899701983795134,3.118765354156494,0.0002911505871452391,2.0333404541015625,0.0002911505871452391,6.895303249359131,0.0002910022158175707,2.0333404541015625,6.056771278381348,2.033339262008667,0.9354437034576605,0.9999940462405773,0.9575316025572048,0.9999940462405773,0.8601798353768778,0.9999940492750878,0.9575316025572048,0.8737532183917764,0.95753162694226,3439.9235360324383
orientation_batch_04,datasets/synthetic_orientation_512/orientation_batch_04.png,0.15,5.0,176.0,4.0,176.0,4.0,raw,1.0,1.0,150.72622680664062,150.72622680664062,0.0,False,nan,nan,0.0,0.0,258.787841796875,0.0,175.0,5.0,0.0,5.0,0.0,246.25003051757812,0.0,43.6928685109463,0.9991185481172726,21.18438592061155,0.8400443374580671,0.41057485342025757,1.3512362784240395e-05,0.35105228424072266,1.3512362784240395e-05,6.916573524475098,1.7387175559997559,0.35105228424072266,6.806635856628418,1.8416953086853027,0.9904529690121827,0.9999996886705028,0.9918940300627707,0.9999996886705028,0.8423502228502695,0.9605217401469532,0.9918940300627707,0.8432851676656271,0.9574549962473639,3343.941507861018
orientation_batch_04,datasets/synthetic_orientation_512/orientation_batch_04.png,0.15,10.0,171.0,9.0,171.0,9.0,raw,1.0,1.0,161.11459350585938,161.11459350585938,0.0,False,nan,nan,0.0,0.0,258.787841796875,0.0,170.0,10.0,0.0,10.0,0.0,245.82081604003906,0.0,43.6928685109463,0.9991185481172726,20.832882021830443,0.8260469685583126,0.41057485342025757,1.3512362784240395e-05,0.35105228424072266,1.3512362784240395e-05,7.494747161865234,3.5799994468688965,0.35105228424072266,7.3713836669921875,3.6132121086120605,0.9904529690121827,0.9999996886705028,0.9918940300627707,0.9999996886705028,0.8289554777289908,0.9181439735659046,0.9918940300627707,0.830054996584606,0.9162418995362359,3388.8353630900383
orientation_batch_04,datasets/synthetic_orientation_512/orientation_batch_04.png,0.15,15.0,165.0,15.0,165.0,15.0,raw,0.0,0.0,113.97225189208984,113.97225189208984,0.0,False,nan,nan,0.0,0.0,258.787841796875,0.0,165.0,15.0,0.0,15.0,0.0,246.05294799804688,0.0,43.6928685109463,0.9991185481172726,23.800624811178686,0.9118850109319254,0.41057485342025757,1.3512362784240395e-05,0.35105228424072266,1.3512362784240395e-05,4.353970050811768,4.353970527648926,0.35105228424072266,4.504228115081787,4.504228591918945,0.9904529690121827,0.9999996886705028,0.9918940300627707,0.9999996886705028,0.8996662797067966,0.8996662708134145,0.9918940300627707,0.8950218447479774,0.8950218260052177,3370.3299798071384
orientation_batch_04,datasets/synthetic_orientation_512/orientation_batch_04.png,0.15,30.0,150.0,30.0,150.0,30.0,raw,0.0,0.0,109.0488052368164,109.0488052368164,0.0,False,nan,nan,0.0,0.0,258.787841796875,0.0,150.0,30.0,0.0,30.0,0.0,230.2156524658203,0.0,43.6928685109463,0.9991185481172726,21.395260421901646,0.8499733686032025,0.41057485342025757,1.3512362784240395e-05,0.35105228424072266,1.3512362784240395e-05,6.20277214050293,6.2027716636657715,0.35105228424072266,6.251328468322754,6.25132942199707,0.9904529690121827,0.9999996886705028,0.9918940300627707,0.9999996886705028,0.8564868917184805,0.8564869055755052,0.9918940300627707,0.8537803118325896,0.853780286995333,3444.2941788583994
orientation_batch_04,datasets/synthetic_orientation_512/orientation_batch_04.png,0.15,45.0,136.0,44.0,136.0,44.0,raw,1.0,1.0,99.9234390258789,99.9234390258789,0.0,False,nan,nan,0.0,0.0,258.787841796875,0.0,135.0,45.0,0.0,45.0,0.0,239.0562744140625,0.0,43.6928685109463,0.9991185481172726,19.105255297241044,0.7460948176224552,0.41057485342025757,1.3512362784240395e-05,0.35105228424072266,1.3512362784240395e-05,9.851591110229492,6.542852878570557,0.35105228424072266,9.816436767578125,6.402480125427246,0.9904529690121827,0.9999996886705028,0.9918940300627707,0.9999996886705028,0.7748506579741691,0.8502491414782699,0.9918940300627707,0.7737754983410869,0.8515882919888624,3377.0502284169197
orientation_batch_04,datasets/synthetic_orientation_512/orientation_batch_04.png,0.15,60.0,121.00000000000001,58.999999999999986,121.00000000000001,58.999999999999986,raw,1.0000000000000142,1.0000000000000142,78.17145538330078,78.17145538330078,0.0,False,nan,nan,0.0,0.0,258.787841796875,0.0,120.0,60.0,0.0,60.0,0.0,224.57562255859375,0.0,43.6928685109463,0.9991185481172726,19.157549517715136,0.7515723779504772,0.41057485342025757,1.3512362784240395e-05,0.35105228424072266,1.3512362784240395e-05,9.901363372802734,6.3022613525390625,0.35105228424072266,9.79911994934082,6.403063774108887,0.9904529690121827,0.9999996886705028,0.9918940300627707,0.9999996886705028,0.7720217764604731,0.8539452886780049,0.9918940300627707,0.7725213283678523,0.8500371383168142,3395.3038584440947
orientation_batch_04,datasets/synthetic_orientation_512/orientation_batch_04.png,0.15,75.0,106.0,74.0,106.0,74.0,raw,1.0,1.0,146.99790954589844,146.99790954589844,0.0,False,nan,nan,0.0,0.0,258.787841796875,0.0,105.0,75.0,0.0,75.0,0.0,240.91514587402344,0.0,43.6928685109463,0.9991185481172726,19.868091386743757,0.7838604919923619,0.41057485342025757,1.3512362784240395e-05,0.35105228424072266,1.3512362784240395e-05,8.94766616821289,4.26228666305542,0.35105228424072266,8.867956161499023,4.347225189208984,0.9904529690121827,0.9999996886705028,0.9918940300627707,0.9999996886705028,0.7942672182650121,0.9017401497039256,0.9918940300627707,0.7945621159654591,0.898557242446156,3455.1083520054817
orientation_batch_04,datasets/synthetic_orientation_512/orientation_batch_04.png,0.15,90.0,91.0,89.0,91.0,89.0,raw,1.0,1.0,188.82350158691406,188.82350158691406,0.0,False,nan,nan,0.0,0.0,258.787841796875,0.0,90.0,90.0,0.0,90.0,0.0,258.7876892089844,0.0,43.6928685109463,0.9991185481172726,21.10745199346816,0.8410386683829256,0.41057485342025757,1.3512362784240395e-05,0.35105228424072266,1.3512362784240395e-05,6.322412490844727,1.351187802356435e-05,0.35105228424072266,6.212100982666016,0.35105258226394653,0.9904529690121827,0.9999996886705028,0.9918940300627707,0.9999996886705028,0.8546377594421434,0.999999688681028,0.9918940300627707,0.8558183898889503,0.9918940225717066,3441.9863056391478
orientation_batch_04,datasets/synthetic_orientation_512/orientation_batch_04.png,0.15,120.0,60.0,120.0,60.0,120.0,raw,0.0,0.0,109.04889678955078,109.04889678955078,0.0,False,nan,nan,0.0,0.0,258.787841796875,0.0,60.0,120.0,0.0,120.0,0.0,230.21556091308594,0.0,43.6928685109463,0.9991185481172726,21.395260421901646,0.8499733686032025,0.41057485342025757,1.3512362784240395e-05,0.35105228424072266,1.3512362784240395e-05,6.20277214050293,6.2027716636657715,0.35105228424072266,6.251328468322754,6.25132942199707,0.9904529690121827,0.9999996886705028,0.9918940300627707,0.9999996886705028,0.8564868917184805,0.8564869055755052,0.9918940300627707,0.8537803118325896,0.853780286995333,3545.3440211713314
orientation_batch_04,datasets/synthetic_orientation_512/orientation_batch_04.png,0.15,150.0,31.0,149.0,31.0,149.0,raw,1.0,1.0,78.17158508300781,78.17158508300781,0.0,False,nan,nan,0.0,0.0,258.787841796875,0.0,30.0,150.0,0.0,150.0,0.0,224.5755157470703,0.0,43.6928685109463,0.9991185481172726,19.157549517715136,0.7515723779504772,0.41057485342025757,1.3512362784240395e-05,0.35105228424072266,1.3512362784240395e-05,9.901363372802734,6.3022613525390625,0.35105228424072266,9.79911994934082,6.403063774108887,0.9904529690121827,0.9999996886705028,0.9918940300627707,0.9999996886705028,0.7720217764604731,0.8539452886780049,0.9918940300627707,0.7725213283678523,0.8500371383168142,3324.603546410799
orientation_batch_04,datasets/synthetic_orientation_512/orientation_batch_04.png,0.15,180.0,1.0,179.0,1.0,179.0,raw,1.0,1.0,188.823486328125,188.823486328125,0.0,False,nan,nan,0.0,0.0,258.787841796875,0.0,0.0,0.0,0.0,0.0,0.0,258.787841796875,0.0,43.6928685109463,0.9991185481172726,21.10745199346816,0.8410386683829256,0.41057485342025757,1.3512362784240395e-05,0.35105228424072266,1.3512362784240395e-05,6.322412490844727,1.351187802356435e-05,0.35105228424072266,6.212100982666016,0.35105258226394653,0.9904529690121827,0.9999996886705028,0.9918940300627707,0.9999996886705028,0.8546377594421434,0.999999688681028,0.9918940300627707,0.8558183898889503,0.9918940225717066,3303.4702111035585
orientation_batch_05,datasets/synthetic_orientation_512/orientation_batch_05.png,0.15,5.0,176.0,4.0,176.0,4.0,raw,1.0,1.0,135.25473022460938,135.25473022460938,0.0,False,nan,nan,0.0,0.0,258.2813720703125,0.0,176.0,4.0,1.0,4.0,1.0,245.72998046875,0.0,43.71668994749096,0.9992610951956445,22.375006660275435,0.8999822799683899,3.44381046295166,7.762816676404327e-05,2.406226634979248,7.762816676404327e-05,6.848087310791016,2.5210022926330566,2.406226634979248,6.257216453552246,3.168107032775879,0.92511246472208,0.9999983248742343,0.9468197050075217,0.9999983248742343,0.8569679871845487,0.9473292105956963,0.9468197050075217,0.86613041110733,0.9318645052382541,3263.015830889344
orientation_batch_05,datasets/synthetic_orientation_512/orientation_batch_05.png,0.15,10.0,171.0,9.0,171.0,9.0,raw,1.0,1.0,149.45452880859375,149.45452880859375,0.0,False,nan,nan,0.0,0.0,258.2813720703125,0.0,170.0,10.0,0.0,10.0,0.0,242.57723999023438,0.0,43.71668994749096,0.9992610951956445,21.873692007010543,0.8873732371438262,3.44381046295166,7.762816676404327e-05,2.406226634979248,7.762816676404327e-05,7.554184436798096,3.875143527984619,2.406226634979248,6.935250282287598,4.256551265716553,0.92511246472208,0.9999983248742343,0.9468197050075217,0.9999983248742343,0.8418990994706781,0.9180543385692638,0.9468197050075217,0.8512517830825651,0.9081272635723259,3188.064346089959
orientation_batch_05,datasets/synthetic_orientation_512/orientation_batch_05.png,0.15,15.0,166.0,14.0,166.0,14.0,raw,1.0,1.0,125.3454818725586,125.3454818725586,0.0,False,nan,nan,0.0,0.0,258.2813720703125,0.0,165.0,15.0,0.0,15.0,0.0,242.17095947265625,0.0,43.71668994749096,0.9992610951956445,21.31578628084261,0.8728563656820939,3.44381046295166,7.762816676404327e-05,2.406226634979248,7.762816676404327e-05,8.152226448059082,4.862610816955566,2.406226634979248,7.552628993988037,5.222187042236328,0.92511246472208,0.9999983248742343,0.9468197050075217,0.9999983248742343,0.8285039130214823,0.8961337543621883,0.9468197050075217,0.8372034222684862,0.8864128743208932,3293.4811245650053
orientation_batch_05,datasets/synthetic_orientation_512/orientation_batch_05.png,0.15,30.0,151.0,29.0,151.0,29.0,raw,1.0,1.0,95.96250915527344,95.96250915527344,0.0,False,nan,nan,0.0,0.0,258.2813720703125,0.0,150.0,30.0,0.0,30.0,0.0,227.59719848632812,0.0,43.71668994749096,0.9992610951956445,20.074272314658565,0.8348266296351805,3.44381046295166,7.762816676404327e-05,2.406226634979248,7.762816676404327e-05,10.335159301757812,6.777863025665283,2.406226634979248,9.708306312561035,6.802794456481934,0.92511246472208,0.9999983248742343,0.9468197050075217,0.9999983248742343,0.7789934449739381,0.8537188242258222,0.9468197050075217,0.7882086588179047,0.850286003937916,3320.5880485475063
orientation_batch_05,datasets/synthetic_orientation_512/orientation_batch_05.png,0.15,45.0,136.0,44.0,136.0,44.0,raw,1.0,1.0,108.28230285644531,108.28230285644531,0.0,False,nan,nan,0.0,0.0,258.2813720703125,0.0,135.0,45.0,0.0,45.0,0.0,240.0265350341797,0.0,43.71668994749096,0.9992610951956445,20.06176759780391,0.8340536493664756,3.44381046295166,7.762816676404327e-05,2.406226634979248,7.762816676404327e-05,9.611154556274414,6.454909324645996,2.406226634979248,8.642093658447266,6.234357833862305,0.92511246472208,0.9999983248742343,0.9468197050075217,0.9999983248742343,0.7972481765580185,0.8648189640632733,0.9468197050075217,0.8132019052786401,0.8653300613799527,3359.7961384803057
orientation_batch_05,datasets/synthetic_orientation_512/orientation_batch_05.png,0.15,60.0,120.0,60.0,120.0,60.0,raw,0.0,0.0,80.78091430664062,80.78091430664062,0.0,False,nan,nan,0.0,0.0,258.2813720703125,0.0,120.0,60.0,0.0,60.0,0.0,229.9110870361328,0.0,43.71668994749096,0.9992610951956445,22.254706864594223,0.9012880949830979,3.44381046295166,7.762816676404327e-05,2.406226634979248,7.762816676404327e-05,6.476699352264404,6.476700782775879,2.406226634979248,6.407595634460449,6.407595634460449,0.92511246472208,0.9999983248742343,0.9468197050075217,0.9999983248742343,0.8616210891441088,0.8616210539688384,0.9468197050075217,0.860219602139817,0.860219603671698,3298.34040813148
orientation_batch_05,datasets/synthetic_orientation_512/orientation_batch_05.png,0.15,75.0,106.0,74.0,106.0,74.0,raw,1.0,1.0,153.37158203125,153.37158203125,0.0,False,nan,nan,0.0,0.0,258.2813720703125,0.0,106.0,74.0,1.0,74.0,1.0,237.78170776367188,0.0,43.71668994749096,0.9992610951956445,20.83886921403037,0.858899610906079,3.44381046295166,7.762816676404327e-05,2.406226634979248,7.762816676404327e-05,8.841272354125977,4.477647304534912,2.406226634979248,8.106985092163086,4.625299453735352,0.92511246472208,0.9999983248742343,0.9468197050075217,0.9999983248742343,0.8126479111839344,0.904209560972709,0.9468197050075217,0.8240881912407833,0.8989805622822842,3494.841044768691
orientation_batch_05,datasets/synthetic_orientation_512/orientation_batch_05.png,0.15,90.0,91.0,89.0,91.0,89.0,raw,1.0,1.0,184.2551727294922,184.2551727294922,0.0,False,nan,nan,0.0,0.0,258.2813720703125,0.0,90.0,90.0,0.0,90.0,0.0,258.2812194824219,0.0,43.71668994749096,0.9992610951956445,22.15670593427209,0.8967323511706456,3.44381046295166,7.762816676404327e-05,2.406226634979248,7.762816676404327e-05,6.839233875274658,7.76426459196955e-05,2.406226634979248,5.938032150268555,2.4062235355377197,0.92511246472208,0.9999983248742343,0.9468197050075217,0.9999983248742343,0.8550300620480382,0.9999983245654268,0.9468197050075217,0.8699888090511798,0.9468197776023313,3367.4511183053255
orientation_batch_05,datasets/synthetic_orientation_512/orientation_batch_05.png,0.15,120.0,61.0,119.0,61.0,119.0,raw,1.0,1.0,95.96259307861328,95.96259307861328,0.0,False,nan,nan,0.0,0.0,258.2813720703125,0.0,60.0,120.0,0.0,120.0,0.0,227.596923828125,0.0,43.71668994749096,0.9992610951956445,20.074272314658565,0.8348266296351805,3.44381046295166,7.762816676404327e-05,2.406226634979248,7.762816676404327e-05,10.335159301757812,6.777863025665283,2.406226634979248,9.708306312561035,6.802794456481934,0.92511246472208,0.9999983248742343,0.9468197050075217,0.9999983248742343,0.7789934449739381,0.8537188242258222,0.9468197050075217,0.7882086588179047,0.850286003937916,3369.0169602632523
orientation_batch_05,datasets/synthetic_orientation_512/orientation_batch_05.png,0.15,150.0,30.0,150.0,30.0,150.0,raw,0.0,0.0,80.78079986572266,80.78079986572266,0.0,False,nan,nan,0.0,0.0,258.2813720703125,0.0,30.0,150.0,0.0,150.0,0.0,229.91099548339844,0.0,43.71668994749096,0.9992610951956445,22.254706864594223,0.9012880949830979,3.44381046295166,7.762816676404327e-05,2.406226634979248,7.762816676404327e-05,6.476699352264404,6.476700782775879,2.406226634979248,6.407595634460449,6.407595634460449,0.92511246472208,0.9999983248742343,0.9468197050075217,0.9999983248742343,0.8616210891441088,0.8616210539688384,0.9468197050075217,0.860219602139817,0.860219603671698,3250.8482709527016
orientation_batch_05,datasets/synthetic_orientation_512/orientation_batch_05.png,0.15,180.0,1.0,179.0,1.0,179.0,raw,1.0,1.0,184.2551727294922,184.2551727294922,0.0,False,nan,nan,0.0,0.0,258.2813720703125,0.0,0.0,0.0,0.0,0.0,0.0,258.2813720703125,0.0,43.71668994749096,0.9992610951956445,22.15670593427209,0.8967323511706456,3.44381046295166,7.762816676404327e-05,2.406226634979248,7.762816676404327e-05,6.839233875274658,7.76426459196955e-05,2.406226634979248,5.938032150268555,2.4062235355377197,0.92511246472208,0.9999983248742343,0.9468197050075217,0.9999983248742343,0.8550300620480382,0.9999983245654268,0.9468197050075217,0.8699888090511798,0.9468197776023313,3391.5351908653975
orientation_batch_06,datasets/synthetic_orientation_512/orientation_batch_06.png,0.15,5.0,176.0,4.0,176.0,4.0,raw,1.0,1.0,122.59489440917969,122.59489440917969,0.0,False,nan,nan,0.0,0.0,258.524658203125,0.0,176.0,4.0,1.0,4.0,1.0,239.0565948486328,0.0,43.75934118305512,0.9993106917056878,22.223424439096668,0.9040876510990268,3.460127353668213,0.00011334829468978569,2.164078712463379,0.00011334829468978569,6.93787956237793,2.5780043601989746,2.164078712463379,6.255449295043945,3.4017422199249268,0.9282590781808119,0.9999976798515554,0.9546697114660089,0.9999976798515554,0.8615762087235849,0.9487483730889614,0.9546697114660089,0.8718778720822092,0.9305151003838854,3323.045823723078
orientation_batch_06,datasets/synthetic_orientation_512/orientation_batch_06.png,0.15,10.0,171.0,9.0,171.0,9.0,raw,1.0,1.0,138.97998046875,138.97998046875,0.0,False,nan,nan,0.0,0.0,258.524658203125,0.0,170.0,10.0,0.0,10.0,0.0,241.6461181640625,0.0,43.75934118305512,0.9993106917056878,22.046166234875308,0.8990307962152135,3.460127353668213,0.00011334829468978569,2.164078712463379,0.00011334829468978569,7.3665385246276855,3.6108558177948,2.164078712463379,6.521582126617432,3.9176008701324463,0.9282590781808119,0.9999976798515554,0.9546697114660089,0.9999976798515554,0.8524252308092489,0.9270530086648068,0.9546697114660089,0.8662510728409507,0.9193309652750002,3336.381636559963
orientation_batch_06,datasets/synthetic_orientation_512/orientation_batch_06.png,0.15,15.0,166.0,14.0,166.0,14.0,raw,1.0,1.0,107.1732406616211,107.1732406616211,0.0,False,nan,nan,0.0,0.0,258.524658203125,0.0,166.0,14.0,1.0,14.0,1.0,241.6018524169922,0.0,43.75934118305512,0.9993106917056878,21.675925078443456,0.8898054289672901,3.460127353668213,0.00011334829468978569,2.164078712463379,0.00011334829468978569,8.201332092285156,4.395150184631348,2.164078712463379,7.489679336547852,4.673347473144531,0.9282590781808119,0.9999976798515554,0.9546697114660089,0.9999976798515554,0.8339136558241231,0.9105275541129864,0.9546697114660089,0.845281112630615,0.9030013016081715,3377.484353259206
orientation_batch_06,datasets/synthetic_orientation_512/orientation_batch_06.png,0.15,30.0,151.0,29.0,151.0,29.0,raw,1.0,1.0,86.06543731689453,86.06543731689453,0.0,False,nan,nan,0.0,0.0,258.524658203125,0.0,150.0,30.0,0.0,30.0,0.0,236.5469970703125,0.0,43.75934118305512,0.9993106917056878,20.215140381774518,0.8486843634507792,3.460127353668213,0.00011334829468978569,2.164078712463379,0.00011334829468978569,10.447246551513672,7.033967018127441,2.164078712463379,9.765138626098633,7.112821578979492,0.9282590781808119,0.9999976798515554,0.9546697114660089,0.9999976798515554,0.7849785471083485,0.8547569833791908,0.9546697114660089,0.7953282720043848,0.8503382704384599,3325.9822074323893
orientation_batch_06,datasets/synthetic_orientation_512/orientation_batch_06.png,0.15,45.0,136.0,44.0,136.0,44.0,raw,1.0,1.0,108.58368682861328,108.58368682861328,0.0,False,nan,nan,0.0,0.0,258.524658203125,0.0,135.0,45.0,0.0,45.0,0.0,241.42347717285156,0.0,43.75934118305512,0.9993106917056878,19.93271531720361,0.836986555777172,3.460127353668213,0.00011334829468978569,2.164078712463379,0.00011334829468978569,9.502473831176758,6.597543716430664,2.164078712463379,8.923425674438477,6.565343379974365,0.9282590781808119,0.9999976798515554,0.9546697114660089,0.9999976798515554,0.8067827333554071,0.8669798716173528,0.9546697114660089,0.8144654282934825,0.8640846853367307,3283.1030767410994
orientation_batch_06,datasets/synthetic_orientation_512/orientation_batch_06.png,0.15,60.0,121.00000000000001,58.999999999999986,121.00000000000001,58.999999999999986,raw,1.0000000000000142,1.0000000000000142,80.05056762695312,80.05056762695312,0.0,False,nan,nan,0.0,0.0,258.524658203125,0.0,120.0,60.0,0.0,60.0,0.0,232.28390502929688,0.0,43.75934118305512,0.9993106917056878,20.070061983418572,0.8442064198924778,3.460127353668213,0.00011334829468978569,2.164078712463379,0.00011334829468978569,9.631791114807129,6.566082000732422,2.164078712463379,8.878158569335938,6.43502140045166,0.9282590781808119,0.9999976798515554,0.9546697114660089,0.9999976798515554,0.802826486730164,0.8653543237799062,0.9546697114660089,0.8142367670346672,0.8653241049015492,3385.347731411457
orientation_batch_06,datasets/synthetic_orientation_512/orientation_batch_06.png,0.15,75.0,106.0,74.0,106.0,74.0,raw,1.0,1.0,138.7979736328125,138.7979736328125,0.0,False,nan,nan,0.0,0.0,258.524658203125,0.0,105.0,75.0,0.0,75.0,0.0,238.52841186523438,0.0,43.75934118305512,0.9993106917056878,21.162359241809728,0.876170807794741,3.460127353668213,0.00011334829468978569,2.164078712463379,0.00011334829468978569,8.537477493286133,4.637528419494629,2.164078712463379,7.30863094329834,4.77998685836792,0.9282590781808119,0.9999976798515554,0.9546697114660089,0.9999976798515554,0.826611720602619,0.9057318229435039,0.9546697114660089,0.8475978812794335,0.9005877008824922,3546.943251043558
orientation_batch_06,datasets/synthetic_orientation_512/orientation_batch_06.png,0.15,90.0,91.0,89.0,91.0,89.0,raw,1.0,1.0,167.17674255371094,167.17674255371094,0.0,False,nan,nan,0.0,0.0,258.524658203125,0.0,90.0,90.0,0.0,90.0,0.0,258.5245056152344,0.0,43.75934118305512,0.9993106917056878,21.97624752471676,0.8993160885831283,3.460127353668213,0.00011334829468978569,2.164078712463379,0.00011334829468978569,6.914277076721191,0.00011330004053888842,2.164078712463379,5.833279132843018,2.164078712463379,0.9282590781808119,0.9999976798515554,0.9546697114660089,0.9999976798515554,0.8591852791824014,0.9999976808343501,0.9546697114660089,0.8779580979959946,0.9546697162026236,3455.34235984087
orientation_batch_06,datasets/synthetic_orientation_512/orientation_batch_06.png,0.15,120.0,61.0,119.0,61.0,119.0,raw,1.0,1.0,86.06544494628906,86.06544494628906,0.0,False,nan,nan,0.0,0.0,258.524658203125,0.0,60.0,120.0,0.0,120.0,0.0,236.5469207763672,0.0,43.75934118305512,0.9993106917056878,20.215140381774518,0.8486843634507792,3.460127353668213,0.00011334829468978569,2.164078712463379,0.00011334829468978569,10.447246551513672,7.033967018127441,2.164078712463379,9.765138626098633,7.112821578979492,0.9282590781808119,0.9999976798515554,0.9546697114660089,0.9999976798515554,0.7849785471083485,0.8547569833791908,0.9546697114660089,0.7953282720043848,0.8503382704384599,3404.5423045754433
orientation_batch_06,datasets/synthetic_orientation_512/orientation_batch_06.png,0.15,150.0,31.0,149.0,31.0,149.0,raw,1.0,1.0,80.05068969726562,80.05068969726562,0.0,False,nan,nan,0.0,0.0,258.524658203125,0.0,30.0,150.0,0.0,150.0,0.0,232.2838134765625,0.0,43.75934118305512,0.9993106917056878,20.070061983418572,0.8442064198924778,3.460127353668213,0.00011334829468978569,2.164078712463379,0.00011334829468978569,9.631791114807129,6.566082000732422,2.164078712463379,8.878158569335938,6.43502140045166,0.9282590781808119,0.9999976798515554,0.9546697114660089,0.9999976798515554,0.802826486730164,0.8653543237799062,0.9546697114660089,0.8142367670346672,0.8653241049015492,3380.877271294594
orientation_batch_06,datasets/synthetic_orientation_512/orientation_batch_06.png,0.15,180.0,1.0,179.0,1.0,179.0,raw,1.0,1.0,167.17677307128906,167.17677307128906,0.0,False,nan,nan,0.0,0.0,258.524658203125,0.0,0.0,0.0,0.0,0.0,0.0,258.524658203125,0.0,43.75934118305512,0.9993106917056878,21.97624752471676,0.8993160885831283,3.460127353668213,0.00011334829468978569,2.164078712463379,0.00011334829468978569,6.914277076721191,0.00011330004053888842,2.164078712463379,5.833279132843018,2.164078712463379,0.9282590781808119,0.9999976798515554,0.9546697114660089,0.9999976798515554,0.8591852791824014,0.9999976808343501,0.9546697114660089,0.8779580979959946,0.9546697162026236,3353.0141171067953
orientation_batch_07,datasets/synthetic_orientation_512/orientation_batch_07.png,0.15,5.0,176.0,4.0,176.0,4.0,raw,1.0,1.0,137.8651123046875,137.8651123046875,0.0,False,nan,nan,0.0,0.0,258.4800720214844,0.0,176.0,4.0,1.0,4.0,1.0,239.2179412841797,0.0,43.12877055082911,0.9991723263347684,21.982766506216265,0.8898685194297239,3.5021891593933105,0.00017858590581454337,2.3119611740112305,0.00017858590581454337,7.238705635070801,2.6683273315429688,2.3119611740112305,6.4655656814575195,3.279797077178955,0.9238346448613615,0.9999961522214615,0.9489727441840607,0.9999961522214615,0.8490309819151308,0.9442483565889757,0.9489727441840607,0.8613994184346112,0.9294320435100419,3253.5756807774305
orientation_batch_07,datasets/synthetic_orientation_512/orientation_batch_07.png,0.15,10.0,171.0,9.0,171.0,9.0,raw,1.0,1.0,150.37704467773438,150.37704467773438,0.0,False,nan,nan,0.0,0.0,258.4800720214844,0.0,171.0,9.0,1.0,9.0,1.0,238.27163696289062,0.0,43.12877055082911,0.9991723263347684,21.518598728553876,0.8760589428386738,3.5021891593933105,0.00017858590581454337,2.3119611740112305,0.00017858590581454337,7.647060871124268,3.910858392715454,2.3119611740112305,7.012777328491211,4.190400123596191,0.9238346448613615,0.9999961522214615,0.9489727441840607,0.9999961522214615,0.8392418161137777,0.9168989140171645,0.9489727441840607,0.8489805878760052,0.909111069774414,3305.2971456199884
orientation_batch_07,datasets/synthetic_orientation_512/orientation_batch_07.png,0.15,15.0,166.0,14.0,166.0,14.0,raw,1.0,1.0,112.47516632080078,112.47516632080078,0.0,False,nan,nan,0.0,0.0,258.4800720214844,0.0,165.0,15.0,0.0,15.0,0.0,243.0916748046875,0.0,43.12877055082911,0.9991723263347684,20.918338678071592,0.8582190138954401,3.5021891593933105,0.00017858590581454337,2.3119611740112305,0.00017858590581454337,8.231767654418945,5.091710090637207,2.3119611740112305,7.536998748779297,5.336423873901367,0.9238346448613615,0.9999961522214615,0.9489727441840607,0.9999961522214615,0.8253679520680022,0.8910066876264393,0.9489727441840607,0.8364008475594505,0.8832545901875513,3428.1547907739878
orientation_batch_07,datasets/synthetic_orientation_512/orientation_batch_07.png,0.15,30.0,150.0,30.0,150.0,30.0,raw,0.0,0.0,98.74352264404297,98.74352264404297,0.0,False,nan,nan,0.0,0.0,258.4800720214844,0.0,150.0,30.0,0.0,30.0,0.0,225.77935791015625,0.0,43.12877055082911,0.9991723263347684,21.4421888648206,0.8769110112756132,3.5021891593933105,0.00017858590581454337,2.3119611740112305,0.00017858590581454337,7.02878475189209,7.028783798217773,2.3119611740112305,7.103860855102539,7.103858947753906,0.9238346448613615,0.9999961522214615,0.9489727441840607,0.9999961522214615,0.8478134696185359,0.84781351497656,0.9489727441840607,0.8429469095907376,0.8429469480085702,3358.762951567769
orientation_batch_07,datasets/synthetic_orientation_512/orientation_batch_07.png,0.15,45.0,136.0,44.0,136.0,44.0,raw,1.0,1.0,104.13847351074219,104.13847351074219,0.0,False,nan,nan,0.0,0.0,258.4800720214844,0.0,135.0,45.0,0.0,45.0,0.0,231.28872680664062,0.0,43.12877055082911,0.9991723263347684,19.455754630012645,0.8016807987084386,3.5021891593933105,0.00017858590581454337,2.3119611740112305,0.00017858590581454337,9.610779762268066,6.902459144592285,2.3119611740112305,8.860939025878906,6.5967841148376465,0.9238346448613615,0.9999961522214615,0.9489727441840607,0.9999961522214615,0.7956731994472463,0.8547677964553737,0.9489727441840607,0.8070640974415565,0.8570941090266704,3353.539725765586
orientation_batch_07,datasets/synthetic_orientation_512/orientation_batch_07.png,0.15,60.0,121.00000000000001,58.999999999999986,121.00000000000001,58.999999999999986,raw,1.0000000000000142,1.0000000000000142,89.50884246826172,89.50884246826172,0.0,False,nan,nan,0.0,0.0,258.4800720214844,0.0,120.0,60.0,0.0,60.0,0.0,224.9671630859375,0.0,43.12877055082911,0.9991723263347684,19.58624489050536,0.8091941091894475,3.5021891593933105,0.00017858590581454337,2.3119611740112305,0.00017858590581454337,10.135150909423828,6.787774562835693,2.3119611740112305,9.26867389678955,6.760115623474121,0.9238346448613615,0.9999961522214615,0.9489727441840607,0.9999961522214615,0.7835183383471996,0.8543800056802681,0.9489727441840607,0.7967282125844846,0.8514652771981479,3469.8786791414022
orientation_batch_07,datasets/synthetic_orientation_512/orientation_batch_07.png,0.15,75.0,106.0,74.0,106.0,74.0,raw,1.0,1.0,146.2232666015625,146.2232666015625,0.0,False,nan,nan,0.0,0.0,258.4800720214844,0.0,105.0,75.0,0.0,75.0,0.0,242.83595275878906,0.0,43.12877055082911,0.9991723263347684,20.34313516043035,0.8386594422227756,3.5021891593933105,0.00017858590581454337,2.3119611740112305,0.00017858590581454337,8.981668472290039,4.96633768081665,2.3119611740112305,8.153934478759766,4.901958465576172,0.9238346448613615,0.9999961522214615,0.9489727441840607,0.9999961522214615,0.8093388333741105,0.8938130608988708,0.9489727441840607,0.8223971565947009,0.8926360884738364,3460.705928504467
orientation_batch_07,datasets/synthetic_orientation_512/orientation_batch_07.png,0.15,90.0,91.0,89.0,91.0,89.0,raw,1.0,1.0,186.83987426757812,186.83987426757812,0.0,False,nan,nan,0.0,0.0,258.4800720214844,0.0,90.0,90.0,0.0,90.0,0.0,258.4799499511719,0.0,43.12877055082911,0.9991723263347684,21.7568794844659,0.8860683239619326,3.5021891593933105,0.00017858590581454337,2.3119611740112305,0.00017858590581454337,7.225069999694824,0.00017857651982922107,2.3119611740112305,6.390382766723633,2.311959743499756,0.9238346448613615,0.9999961522214615,0.9489727441840607,0.9999961522214615,0.8464440252307656,0.999996152412974,0.9489727441840607,0.8601579897740669,0.9489727689127635,3438.6775754392147
orientation_batch_07,datasets/synthetic_orientation_512/orientation_batch_07.png,0.15,120.0,60.0,120.0,60.0,120.0,raw,0.0,0.0,98.74365234375,98.74365234375,0.0,False,nan,nan,0.0,0.0,258.4800720214844,0.0,60.0,120.0,0.0,120.0,0.0,225.7791290283203,0.0,43.12877055082911,0.9991723263347684,21.4421888648206,0.8769110112756132,3.5021891593933105,0.00017858590581454337,2.3119611740112305,0.00017858590581454337,7.02878475189209,7.028783798217773,2.3119611740112305,7.103860855102539,7.103858947753906,0.9238346448613615,0.9999961522214615,0.9489727441840607,0.9999961522214615,0.8478134696185359,0.84781351497656,0.9489727441840607,0.8429469095907376,0.8429469480085702,3341.2048909813166
orientation_batch_07,datasets/synthetic_orientation_512/orientation_batch_07.png,0.15,150.0,31.0,149.0,31.0,149.0,raw,1.0,1.0,89.5090560913086,89.5090560913086,0.0,False,nan,nan,0.0,0.0,258.4800720214844,0.0,30.0,150.0,0.0,150.0,0.0,224.96697998046875,0.0,43.12877055082911,0.9991723263347684,19.58624489050536,0.8091941091894475,3.5021891593933105,0.00017858590581454337,2.3119611740112305,0.00017858590581454337,10.135150909423828,6.787774562835693,2.3119611740112305,9.26867389678955,6.760115623474121,0.9238346448613615,0.9999961522214615,0.9489727441840607,0.9999961522214615,0.7835183383471996,0.8543800056802681,0.9489727441840607,0.7967282125844846,0.8514652771981479,3381.097611039877
orientation_batch_07,datasets/synthetic_orientation_512/orientation_batch_07.png,0.15,180.0,1.0,179.0,1.0,179.0,raw,1.0,1.0,186.8399658203125,186.8399658203125,0.0,False,nan,nan,0.0,0.0,258.4800720214844,0.0,0.0,0.0,0.0,0.0,0.0,258.4800720214844,0.0,43.12877055082911,0.9991723263347684,21.7568794844659,0.8860683239619326,3.5021891593933105,0.00017858590581454337,2.3119611740112305,0.00017858590581454337,7.225069999694824,0.00017857651982922107,2.3119611740112305,6.390382766723633,2.311959743499756,0.9238346448613615,0.9999961522214615,0.9489727441840607,0.9999961522214615,0.8464440252307656,0.999996152412974,0.9489727441840607,0.8601579897740669,0.9489727689127635,3455.6769225746393
orientation_batch_08,datasets/synthetic_orientation_512/orientation_batch_08.png,0.15,5.0,176.0,4.0,176.0,4.0,raw,1.0,1.0,131.99453735351562,131.99453735351562,0.0,False,nan,nan,0.0,0.0,258.12774658203125,0.0,175.0,5.0,0.0,5.0,0.0,243.9644317626953,0.0,43.611468142860645,0.9992435660693548,21.196581547425488,0.8645714734573641,0.43948280811309814,2.1063311578473076e-05,0.3014680743217468,2.1063311578473076e-05,6.840816020965576,2.1292386054992676,0.3014680743217468,6.720250606536865,2.233733654022217,0.9898964600319903,0.9999995196260383,0.9931359877022091,0.9999995196260383,0.8446831068841736,0.952064626954941,0.9931359877022091,0.846004790340609,0.9489067459319818,3472.561664879322
orientation_batch_08,datasets/synthetic_orientation_512/orientation_batch_08.png,0.15,10.0,171.0,9.0,171.0,9.0,raw,1.0,1.0,145.33787536621094,145.33787536621094,0.0,False,nan,nan,0.0,0.0,258.12774658203125,0.0,170.0,10.0,0.0,10.0,0.0,239.49012756347656,0.0,43.611468142860645,0.9992435660693548,20.90494761934837,0.8549189064713029,0.43948280811309814,2.1063311578473076e-05,0.3014680743217468,2.1063311578473076e-05,7.614581108093262,2.861489772796631,0.3014680743217468,7.50089168548584,3.047367572784424,0.9898964600319903,0.9999995196260383,0.9931359877022091,0.9999995196260383,0.8268116696508232,0.9352152771978977,0.9931359877022091,0.8278571958876759,0.9300022197867014,3439.043553546071
orientation_batch_08,datasets/synthetic_orientation_512/orientation_batch_08.png,0.15,15.0,166.0,14.0,166.0,14.0,raw,1.0,1.0,112.55867767333984,112.55867767333984,0.0,False,nan,nan,0.0,0.0,258.12774658203125,0.0,165.0,15.0,0.0,15.0,0.0,240.4098358154297,0.0,43.611468142860645,0.9992435660693548,20.482407951340846,0.8411522702346637,0.43948280811309814,2.1063311578473076e-05,0.3014680743217468,2.1063311578473076e-05,8.420198440551758,4.163460731506348,0.3014680743217468,8.285429000854492,4.3074235916137695,0.9898964600319903,0.9999995196260383,0.9931359877022091,0.9999995196260383,0.8084707700215672,0.9051261513387979,0.9931359877022091,0.8100578029724207,0.9007426617031772,3445.964477956295
orientation_batch_08,datasets/synthetic_orientation_512/orientation_batch_08.png,0.15,30.0,150.0,30.0,150.0,30.0,raw,0.0,0.0,86.71849822998047,86.71849822998047,0.0,False,nan,nan,0.0,0.0,258.12774658203125,0.0,150.0,30.0,0.0,30.0,0.0,227.62498474121094,0.0,43.611468142860645,0.9992435660693548,21.923259509815765,0.8904174415794234,0.43948280811309814,2.1063311578473076e-05,0.3014680743217468,2.1063311578473076e-05,6.01911735534668,6.019118309020996,0.3014680743217468,6.153432846069336,6.1534318923950195,0.9898964600319903,0.9999995196260383,0.9931359877022091,0.9999995196260383,0.8615385119590185,0.8615385044251843,0.9931359877022091,0.8570451226638798,0.8570451506820057,3500.120535492897
orientation_batch_08,datasets/synthetic_orientation_512/orientation_batch_08.png,0.15,45.0,136.0,44.0,136.0,44.0,raw,1.0,1.0,103.09053039550781,103.09053039550781,0.0,False,nan,nan,0.0,0.0,258.12774658203125,0.0,135.0,45.0,0.0,45.0,0.0,240.1115264892578,0.0,43.611468142860645,0.9992435660693548,19.344613396311107,0.7995820920373823,0.43948280811309814,2.1063311578473076e-05,0.3014680743217468,2.1063311578473076e-05,9.545737266540527,5.766775131225586,0.3014680743217468,9.479605674743652,5.8241472244262695,0.9898964600319903,0.9999995196260383,0.9931359877022091,0.9999995196260383,0.7819626969656707,0.8691810348305599,0.9931359877022091,0.7817144385464116,0.8663811034470913,3559.2592619359493
orientation_batch_08,datasets/synthetic_orientation_512/orientation_batch_08.png,0.15,60.0,121.00000000000001,58.999999999999986,121.00000000000001,58.999999999999986,raw,1.0000000000000142,1.0000000000000142,78.85298919677734,78.85298919677734,0.0,False,nan,nan,0.0,0.0,258.12774658203125,0.0,120.0,60.0,0.0,60.0,0.0,229.46292114257812,0.0,43.611468142860645,0.9992435660693548,19.458855865673073,0.8065924346173533,0.43948280811309814,2.1063311578473076e-05,0.3014680743217468,2.1063311578473076e-05,9.592827796936035,6.324499130249023,0.3014680743217468,9.428979873657227,6.374563217163086,0.9898964600319903,0.9999995196260383,0.9931359877022091,0.9999995196260383,0.7800212612735338,0.8547814284831862,0.9931359877022091,0.7820023788467139,0.8520955377417635,3484.2854272574186
orientation_batch_08,datasets/synthetic_orientation_512/orientation_batch_08.png,0.15,75.0,106.0,74.0,106.0,74.0,raw,1.0,1.0,135.80441284179688,135.80441284179688,0.0,False,nan,nan,0.0,0.0,258.12774658203125,0.0,105.0,75.0,0.0,75.0,0.0,240.4236602783203,0.0,43.611468142860645,0.9992435660693548,20.128605093534002,0.8294356973601417,0.43948280811309814,2.1063311578473076e-05,0.3014680743217468,2.1063311578473076e-05,8.2559814453125,3.9429407119750977,0.3014680743217468,8.080684661865234,4.04571008682251,0.9898964600319903,0.9999995196260383,0.9931359877022091,0.9999995196260383,0.8117494885328657,0.9100946994257182,0.9931359877022091,0.8138048648602894,0.906737134286431,3232.0636808872223
orientation_batch_08,datasets/synthetic_orientation_512/orientation_batch_08.png,0.15,90.0,91.0,89.0,91.0,89.0,raw,1.0,1.0,171.4255828857422,171.4255828857422,0.0,False,nan,nan,0.0,0.0,258.12774658203125,0.0,90.0,90.0,0.0,90.0,0.0,258.1275939941406,0.0,43.611468142860645,0.9992435660693548,21.079471283665065,0.8639135310142754,0.43948280811309814,2.1063311578473076e-05,0.3014680743217468,2.1063311578473076e-05,6.4142327308654785,2.1069296053610742e-05,0.3014680743217468,6.383950233459473,0.3014684319496155,0.9898964600319903,0.9999995196260383,0.9931359877022091,0.9999995196260383,0.8535008334934655,0.9999995194913509,0.9931359877022091,0.8525541300838263,0.9931359790021811,3310.1382926106453
orientation_batch_08,datasets/synthetic_orientation_512/orientation_batch_08.png,0.15,120.0,60.0,120.0,60.0,120.0,raw,0.0,0.0,86.71871948242188,86.71871948242188,0.0,False,nan,nan,0.0,0.0,258.12774658203125,0.0,60.0,120.0,0.0,120.0,0.0,227.62484741210938,0.0,43.611468142860645,0.9992435660693548,21.923259509815765,0.8904174415794234,0.43948280811309814,2.1063311578473076e-05,0.3014680743217468,2.1063311578473076e-05,6.01911735534668,6.019118309020996,0.3014680743217468,6.153432846069336,6.1534318923950195,0.9898964600319903,0.9999995196260383,0.9931359877022091,0.9999995196260383,0.8615385119590185,0.8615385044251843,0.9931359877022091,0.8570451226638798,0.8570451506820057,3404.7787822782993
orientation_batch_08,datasets/synthetic_orientation_512/orientation_batch_08.png,0.15,150.0,31.0,149.0,31.0,149.0,raw,1.0,1.0,78.85301971435547,78.85301971435547,0.0,False,nan,nan,0.0,0.0,258.12774658203125,0.0,30.0,150.0,0.0,150.0,0.0,229.46286010742188,0.0,43.611468142860645,0.9992435660693548,19.458855865673073,0.8065924346173533,0.43948280811309814,2.1063311578473076e-05,0.3014680743217468,2.1063311578473076e-05,9.592827796936035,6.324499130249023,0.3014680743217468,9.428979873657227,6.374563217163086,0.9898964600319903,0.9999995196260383,0.9931359877022091,0.9999995196260383,0.7800212612735338,0.8547814284831862,0.9931359877022091,0.7820023788467139,0.8520955377417635,3445.8446633070707
orientation_batch_08,datasets/synthetic_orientation_512/orientation_batch_08.png,0.15,180.0,1.0,179.0,1.0,179.0,raw,1.0,1.0,171.4255828857422,171.4255828857422,0.0,False,nan,nan,0.0,0.0,258.12774658203125,0.0,0.0,0.0,0.0,0.0,0.0,258.12774658203125,0.0,43.611468142860645,0.9992435660693548,21.079471283665065,0.8639135310142754,0.43948280811309814,2.1063311578473076e-05,0.3014680743217468,2.1063311578473076e-05,6.4142327308654785,2.1069296053610742e-05,0.3014680743217468,6.383950233459473,0.3014684319496155,0.9898964600319903,0.9999995196260383,0.9931359877022091,0.9999995196260383,0.8535008334934655,0.9999995194913509,0.9931359877022091,0.8525541300838263,0.9931359790021811,3322.0393881201744
orientation_batch_09,datasets/synthetic_orientation_512/orientation_batch_09.png,0.15,5.0,176.0,4.0,176.0,4.0,raw,1.0,1.0,127.87811279296875,127.87811279296875,0.0,False,nan,nan,0.0,0.0,258.7218322753906,0.0,175.0,5.0,0.0,5.0,0.0,242.7373046875,0.0,43.43054130582068,0.9993426980255745,22.085017538965115,0.9082392397501261,3.600046157836914,9.786737791728228e-05,2.318486213684082,9.786737791728228e-05,6.998262405395508,2.380692481994629,2.318486213684082,6.49178409576416,3.0911600589752197,0.9252626785198756,0.9999979965800071,0.9513783213685976,0.9999979965800071,0.8604168855686668,0.9525504063895132,0.9513783213685976,0.8669199495032581,0.936665501983989,3444.0263602882624
orientation_batch_09,datasets/synthetic_orientation_512/orientation_batch_09.png,0.15,10.0,171.0,9.0,171.0,9.0,raw,1.0,1.0,143.0745086669922,143.0745086669922,0.0,False,nan,nan,0.0,0.0,258.7218322753906,0.0,170.0,10.0,0.0,10.0,0.0,242.18978881835938,0.0,43.43054130582068,0.9993426980255745,21.837593451324754,0.9019832894833805,3.600046157836914,9.786737791728228e-05,2.318486213684082,9.786737791728228e-05,7.739225387573242,3.8161370754241943,2.318486213684082,6.975844383239746,4.27694845199585,0.9252626785198756,0.9999979965800071,0.9513783213685976,0.9999979965800071,0.8446154408953577,0.922931736431682,0.9513783213685976,0.8564944512827105,0.9116745300995932,3432.35126696527
orientation_batch_09,datasets/synthetic_orientation_512/orientation_batch_09.png,0.15,15.0,166.0,14.0,166.0,14.0,raw,1.0,1.0,110.03297424316406,110.03297424316406,0.0,False,nan,nan,0.0,0.0,258.7218322753906,0.0,165.0,15.0,0.0,15.0,0.0,241.77833557128906,0.0,43.43054130582068,0.9993426980255745,21.432304798721468,0.8918212568414242,3.600046157836914,9.786737791728228e-05,2.318486213684082,9.786737791728228e-05,8.293892860412598,4.590472221374512,2.318486213684082,7.586092948913574,4.896275520324707,0.9252626785198756,0.9999979965800071,0.9513783213685976,0.9999979965800071,0.8315484455983041,0.9065238908186378,0.9513783213685976,0.8427592764118303,0.898092214516416,3366.1992251873016
orientation_batch_09,datasets/synthetic_orientation_512/orientation_batch_09.png,0.15,30.0,151.0,29.0,151.0,29.0,raw,1.0,1.0,91.41602325439453,91.41602325439453,0.0,False,nan,nan,0.0,0.0,258.7218322753906,0.0,150.0,30.0,0.0,30.0,0.0,230.22332763671875,0.0,43.43054130582068,0.9993426980255745,20.003858415348294,0.8511081559294208,3.600046157836914,9.786737791728228e-05,2.318486213684082,9.786737791728228e-05,10.802928924560547,7.269197940826416,2.318486213684082,10.284539222717285,7.381088733673096,0.9252626785198756,0.9999979965800071,0.9513783213685976,0.9999979965800071,0.7776710214207267,0.849953164369758,0.9513783213685976,0.7843035377828103,0.8443835741728815,3394.277237355709
orientation_batch_09,datasets/synthetic_orientation_512/orientation_batch_09.png,0.15,45.0,136.0,44.0,136.0,44.0,raw,1.0,1.0,113.30809783935547,113.30809783935547,0.0,False,nan,nan,0.0,0.0,258.7218322753906,0.0,135.0,45.0,0.0,45.0,0.0,233.27774047851562,0.0,43.43054130582068,0.9993426980255745,19.60682002455549,0.8367815790295158,3.600046157836914,9.786737791728228e-05,2.318486213684082,9.786737791728228e-05,10.212992668151855,7.052136421203613,2.318486213684082,9.516070365905762,6.893630504608154,0.9252626785198756,0.9999979965800071,0.9513783213685976,0.9999979965800071,0.7920876979316541,0.8580361390274411,0.9513783213685976,0.8015751195826465,0.8572598917377793,3446.0199885070324
orientation_batch_09,datasets/synthetic_orientation_512/orientation_batch_09.png,0.15,60.0,121.00000000000001,58.999999999999986,121.00000000000001,58.999999999999986,raw,1.0000000000000142,1.0000000000000142,95.45098114013672,95.45098114013672,0.0,False,nan,nan,0.0,0.0,258.7218322753906,0.0,120.0,60.0,0.0,60.0,0.0,227.56019592285156,0.0,43.43054130582068,0.9993426980255745,19.66440046176598,0.8409140310090821,3.600046157836914,9.786737791728228e-05,2.318486213684082,9.786737791728228e-05,9.905345916748047,6.912629127502441,2.318486213684082,9.318109512329102,6.773399353027344,0.9252626785198756,0.9999979965800071,0.9513783213685976,0.9999979965800071,0.7969790909541338,0.8582301535303998,0.9513783213685976,0.804755258283397,0.8576396272398561,3429.236935451627
orientation_batch_09,datasets/synthetic_orientation_512/orientation_batch_09.png,0.15,75.0,106.0,74.0,106.0,74.0,raw,1.0,1.0,137.25599670410156,137.25599670410156,0.0,False,nan,nan,0.0,0.0,258.7218322753906,0.0,105.0,75.0,0.0,75.0,0.0,242.3558807373047,0.0,43.43054130582068,0.9993426980255745,20.790768346035236,0.8749706797092838,3.600046157836914,9.786737791728228e-05,2.318486213684082,9.786737791728228e-05,9.094914436340332,4.6070404052734375,2.318486213684082,8.06702995300293,4.805747032165527,0.9252626785198756,0.9999979965800071,0.9513783213685976,0.9999979965800071,0.814811166803963,0.9061707862700238,0.9513783213685976,0.8318659333593326,0.8996827792977165,3470.697056502104
orientation_batch_09,datasets/synthetic_orientation_512/orientation_batch_09.png,0.15,90.0,91.0,89.0,91.0,89.0,raw,1.0,1.0,182.1600341796875,182.1600341796875,0.0,False,nan,nan,0.0,0.0,258.7218322753906,0.0,90.0,90.0,0.0,90.0,0.0,258.7216796875,0.0,43.43054130582068,0.9993426980255745,21.832428585003353,0.9038321110117762,3.600046157836914,9.786737791728228e-05,2.318486213684082,9.786737791728228e-05,7.395937919616699,9.778614185051993e-05,2.318486213684082,6.480273246765137,2.318486452102661,0.9252626785198756,0.9999979965800071,0.9513783213685976,0.9999979965800071,0.8493215778498368,0.9999979982499189,0.9513783213685976,0.8644114558142024,0.951378315683202,3518.2702522724867
orientation_batch_09,datasets/synthetic_orientation_512/orientation_batch_09.png,0.15,120.0,61.0,119.0,61.0,119.0,raw,1.0,1.0,91.41618347167969,91.41618347167969,0.0,False,nan,nan,0.0,0.0,258.7218322753906,0.0,60.0,120.0,0.0,120.0,0.0,230.22312927246094,0.0,43.43054130582068,0.9993426980255745,20.003858415348294,0.8511081559294208,3.600046157836914,9.786737791728228e-05,2.318486213684082,9.786737791728228e-05,10.802928924560547,7.269197940826416,2.318486213684082,10.284539222717285,7.381088733673096,0.9252626785198756,0.9999979965800071,0.9513783213685976,0.9999979965800071,0.7776710214207267,0.849953164369758,0.9513783213685976,0.7843035377828103,0.8443835741728815,3421.3577192276716
orientation_batch_09,datasets/synthetic_orientation_512/orientation_batch_09.png,0.15,150.0,31.0,149.0,31.0,149.0,raw,1.0,1.0,95.4511489868164,95.4511489868164,0.0,False,nan,nan,0.0,0.0,258.7218322753906,0.0,30.0,150.0,0.0,150.0,0.0,227.56002807617188,0.0,43.43054130582068,0.9993426980255745,19.66440046176598,0.8409140310090821,3.600046157836914,9.786737791728228e-05,2.318486213684082,9.786737791728228e-05,9.905345916748047,6.912629127502441,2.318486213684082,9.318109512329102,6.773399353027344,0.9252626785198756,0.9999979965800071,0.9513783213685976,0.9999979965800071,0.7969790909541338,0.8582301535303998,0.9513783213685976,0.804755258283397,0.8576396272398561,3337.8259856253862
orientation_batch_09,datasets/synthetic_orientation_512/orientation_batch_09.png,0.15,180.0,1.0,179.0,1.0,179.0,raw,1.0,1.0,182.1601104736328,182.1601104736328,0.0,False,nan,nan,0.0,0.0,258.7218322753906,0.0,0.0,0.0,0.0,0.0,0.0,258.7218322753906,0.0,43.43054130582068,0.9993426980255745,21.832428585003353,0.9038321110117762,3.600046157836914,9.786737791728228e-05,2.318486213684082,9.786737791728228e-05,7.395937919616699,9.778614185051993e-05,2.318486213684082,6.480273246765137,2.318486452102661,0.9252626785198756,0.9999979965800071,0.9513783213685976,0.9999979965800071,0.8493215778498368,0.9999979982499189,0.9513783213685976,0.8644114558142024,0.951378315683202,3458.177851513028
