image_id,image_path,alpha,theta_gt,raw_theta_shift,theta_attack_hat,theta_hat_raw,theta_hat,angle_sign,angle_error,angle_error_mod180,best_score,top2_score,corr_margin,ambiguity_resolved,candidate_score_0,candidate_score_180,diff_theta_hat,diff_angle_error,diff_best_score,diff_corr_margin,diff_rot_theta_shift,diff_rot_attack_hat,diff_rot_attack_error,diff_rot_theta_hat,diff_rot_angle_error,diff_rot_best_score,diff_rot_corr_margin,psnr_anchor,ssim_anchor,psnr_clean,ssim_clean,vae_mse_anchor,vae_mse_clean,vae_mse_symmetric,vae_mse_clean_canonical,vae_mse_clean_predcorr,vae_mse_clean_oraclecorr,vae_mse_symmetric_canonical,vae_mse_symmetric_predcorr,vae_mse_symmetric_oraclecorr,vae_mse_roundtrip_oracle,vae_mse_anchor_removed_extra,vae_cos_anchor,vae_cos_clean,vae_cos_symmetric,vae_cos_clean_canonical,vae_cos_clean_predcorr,vae_cos_clean_oraclecorr,vae_cos_symmetric_canonical,vae_cos_symmetric_predcorr,vae_cos_symmetric_oraclecorr,vae_cos_roundtrip_oracle,runtime_ms
orientation_batch_00,datasets/synthetic_orientation_512/orientation_batch_00.png,0.15,5.0,176.0,4.0,176.0,4.0,raw,1.0,1.0,142.40687561035156,142.40687561035156,0.0,False,nan,nan,0.0,0.0,258.5009765625,0.0,175.0,5.0,0.0,5.0,0.0,246.78314208984375,0.0,43.87017429930397,0.9992877995612606,21.247250778547784,0.8698997941747159,0.7162989974021912,9.046891500474885e-05,0.43613168597221375,9.046891500474885e-05,6.6227874755859375,1.7401351928710938,0.43613168597221375,6.43257999420166,2.019465446472168,1.772228717803955,-0.03209352493286133,0.9839686150709833,0.999997992462993,0.990370491087017,0.999997992462993,0.8540714212130985,0.9621488066640794,0.990370491087017,0.8569180154948307,0.9551678530766777,0.9615854782637967,4382.981630042195
orientation_batch_00,datasets/synthetic_orientation_512/orientation_batch_00.png,0.15,10.0,171.0,9.0,171.0,9.0,raw,1.0,1.0,140.5899200439453,140.5899200439453,0.0,False,nan,nan,0.0,0.0,258.5009765625,0.0,170.0,10.0,0.0,10.0,0.0,239.59999084472656,0.0,43.87017429930397,0.9992877995612606,20.95122035268229,0.8605470284221104,0.7162989974021912,9.046891500474885e-05,0.43613168597221375,9.046891500474885e-05,7.109225749969482,3.059511423110962,0.43613168597221375,6.976414680480957,3.193904399871826,2.9406957626342773,0.11881566047668457,0.9839686150709833,0.999997992462993,0.990370491087017,0.999997992462993,0.8431176632331417,0.9330143707619638,0.990370491087017,0.8445317522926395,0.9287862321132031,0.9360007257393061,4066.7958967387676
orientation_batch_00,datasets/synthetic_orientation_512/orientation_batch_00.png,0.15,15.0,166.0,14.0,166.0,14.0,raw,1.0,1.0,107.70277404785156,107.70277404785156,0.0,False,nan,nan,0.0,0.0,258.5009765625,0.0,165.0,15.0,0.0,15.0,0.0,244.35659790039062,0.0,43.87017429930397,0.9992877995612606,20.513571401698215,0.8465520436425823,0.7162989974021912,9.046891500474885e-05,0.43613168597221375,9.046891500474885e-05,7.796022415161133,4.088383674621582,0.43613168597221375,7.778058052062988,4.272951126098633,4.053377628326416,0.035006046295166016,0.9839686150709833,0.999997992462993,0.990370491087017,0.999997992462993,0.8278700510039172,0.9098879159056735,0.990370491087017,0.8268289041076687,0.9043898578165118,0.9113606878944771,3952.7234993875027
orientation_batch_00,datasets/synthetic_orientation_512/orientation_batch_00.png,0.15,30.0,151.0,29.0,151.0,29.0,raw,1.0,1.0,84.85582733154297,84.85582733154297,0.0,False,nan,nan,0.0,0.0,258.5009765625,0.0,151.0,29.0,1.0,29.0,1.0,229.123046875,0.0,43.87017429930397,0.9992877995612606,19.47075052897582,0.8129155912961273,0.7162989974021912,9.046891500474885e-05,0.43613168597221375,9.046891500474885e-05,9.611122131347656,6.22367000579834,0.43613168597221375,9.590044021606445,6.306583881378174,6.067198753356934,0.15647125244140625,0.9839686150709833,0.999997992462993,0.990370491087017,0.999997992462993,0.7862998168838068,0.8619012896349457,0.990370491087017,0.7850421808476493,0.8579565799771043,0.8665833172468383,3943.7058195471764
orientation_batch_00,datasets/synthetic_orientation_512/orientation_batch_00.png,0.15,45.0,136.0,44.0,136.0,44.0,raw,1.0,1.0,98.7001953125,98.7001953125,0.0,False,nan,nan,0.0,0.0,258.5009765625,0.0,135.0,45.0,0.0,45.0,0.0,231.95042419433594,0.0,43.87017429930397,0.9992877995612606,19.39952009747301,0.8084976342153137,0.7162989974021912,9.046891500474885e-05,0.43613168597221375,9.046891500474885e-05,9.701316833496094,6.593750476837158,0.43613168597221375,9.613576889038086,6.674989700317383,6.220531463623047,0.37321901321411133,0.9839686150709833,0.999997992462993,0.990370491087017,0.999997992462993,0.7848916438061625,0.8549228786696449,0.990370491087017,0.7851542604205745,0.8509724161361175,0.8642477310507443,4072.9358047246933
orientation_batch_00,datasets/synthetic_orientation_512/orientation_batch_00.png,0.15,60.0,121.00000000000001,58.999999999999986,121.00000000000001,58.999999999999986,raw,1.0000000000000142,1.0000000000000142,105.86457824707031,105.86457824707031,0.0,False,nan,nan,0.0,0.0,258.5009765625,0.0,120.0,60.0,0.0,60.0,0.0,233.80186462402344,0.0,43.87017429930397,0.9992877995612606,19.419614148764722,0.8107576576049356,0.7162989974021912,9.046891500474885e-05,0.43613168597221375,9.046891500474885e-05,10.141250610351562,6.651473522186279,0.43613168597221375,10.096233367919922,6.801451683044434,6.484527587890625,0.1669459342956543,0.9839686150709833,0.999997992462993,0.990370491087017,0.999997992462993,0.7748929843194909,0.8524358931661895,0.990370491087017,0.7739998185926499,0.8467757366570545,0.8574880027859283,4104.105684906244
orientation_batch_00,datasets/synthetic_orientation_512/orientation_batch_00.png,0.15,75.0,106.0,74.0,106.0,74.0,raw,1.0,1.0,157.3867645263672,157.3867645263672,0.0,False,nan,nan,0.0,0.0,258.5009765625,0.0,106.0,74.0,1.0,74.0,1.0,244.71484375,0.0,43.87017429930397,0.9992877995612606,20.173161741017836,0.8352468102468565,0.7162989974021912,9.046891500474885e-05,0.43613168597221375,9.046891500474885e-05,8.490402221679688,4.496989727020264,0.43613168597221375,8.44904613494873,4.640095233917236,4.471323013305664,0.02566671371459961,0.9839686150709833,0.999997992462993,0.990370491087017,0.999997992462993,0.8115026194866037,0.900757037019093,0.990370491087017,0.8107014833744554,0.8960163565446034,0.902073260975819,4066.40730984509
orientation_batch_00,datasets/synthetic_orientation_512/orientation_batch_00.png,0.15,90.0,91.0,89.0,91.0,89.0,raw,1.0,1.0,175.60928344726562,175.60928344726562,0.0,False,nan,nan,0.0,0.0,258.5009765625,0.0,90.0,90.0,0.0,90.0,0.0,258.5008544921875,0.0,43.87017429930397,0.9992877995612606,21.155319351514358,0.8692599304682601,0.7162989974021912,9.046891500474885e-05,0.43613168597221375,9.046891500474885e-05,6.268385887145996,9.051377128344029e-05,0.43613168597221375,5.986337661743164,0.43613100051879883,4.747034709762232e-11,9.05137238130932e-05,0.9839686150709833,0.999997992462993,0.990370491087017,0.999997992462993,0.8607260758169621,0.9999979914714544,0.990370491087017,0.8653083460445331,0.9903705053487366,0.9999999999989492,4037.94227167964
orientation_batch_00,datasets/synthetic_orientation_512/orientation_batch_00.png,0.15,120.0,61.0,119.0,61.0,119.0,raw,1.0,1.0,84.85586547851562,84.85586547851562,0.0,False,nan,nan,0.0,0.0,258.5009765625,0.0,61.0,119.0,1.0,119.0,1.0,229.12330627441406,0.0,43.87017429930397,0.9992877995612606,19.47075052897582,0.8129155912961273,0.7162989974021912,9.046891500474885e-05,0.43613168597221375,9.046891500474885e-05,9.611122131347656,6.22367000579834,0.43613168597221375,9.590044021606445,6.306583881378174,6.067198753356934,0.15647125244140625,0.9839686150709833,0.999997992462993,0.990370491087017,0.999997992462993,0.7862998168838068,0.8619012896349457,0.990370491087017,0.7850421808476493,0.8579565799771043,0.866583318399828,4157.992174848914
orientation_batch_00,datasets/synthetic_orientation_512/orientation_batch_00.png,0.15,150.0,31.0,149.0,31.0,149.0,raw,1.0,1.0,105.86459350585938,105.86459350585938,0.0,False,nan,nan,0.0,0.0,258.5009765625,0.0,30.0,150.0,0.0,150.0,0.0,233.8018035888672,0.0,43.87017429930397,0.9992877995612606,19.419614148764722,0.8107576576049356,0.7162989974021912,9.046891500474885e-05,0.43613168597221375,9.046891500474885e-05,10.141250610351562,6.651473522186279,0.43613168597221375,10.096233367919922,6.801451683044434,6.484527111053467,0.1669464111328125,0.9839686150709833,0.999997992462993,0.990370491087017,0.999997992462993,0.7748929843194909,0.8524358931661895,0.990370491087017,0.7739998185926499,0.8467757366570545,0.8574879991189845,4024.410642683506
orientation_batch_00,datasets/synthetic_orientation_512/orientation_batch_00.png,0.15,180.0,1.0,179.0,1.0,179.0,raw,1.0,1.0,175.609375,175.609375,0.0,False,nan,nan,0.0,0.0,258.5009765625,0.0,0.0,0.0,0.0,0.0,0.0,258.5009765625,0.0,43.87017429930397,0.9992877995612606,21.155319351514358,0.8692599304682601,0.7162989974021912,9.046891500474885e-05,0.43613168597221375,9.046891500474885e-05,6.268385887145996,9.051377128344029e-05,0.43613168597221375,5.986337661743164,0.43613100051879883,4.747034709762232e-11,9.05137238130932e-05,0.9839686150709833,0.999997992462993,0.990370491087017,0.999997992462993,0.8607260758169621,0.9999979914714544,0.990370491087017,0.8653083460445331,0.9903705053487366,0.9999999999989492,4086.995093151927
orientation_batch_01,datasets/synthetic_orientation_512/orientation_batch_01.png,0.15,5.0,176.0,4.0,176.0,4.0,raw,1.0,1.0,142.99644470214844,142.99644470214844,0.0,False,nan,nan,0.0,0.0,258.5786437988281,0.0,176.0,4.0,1.0,4.0,1.0,240.2814178466797,0.0,43.51236342479575,0.9992237144726895,22.08010473431375,0.896410572504665,3.597203016281128,5.141610017744824e-05,2.556661605834961,5.141610017744824e-05,6.8823041915893555,2.4307703971862793,2.556661605834961,6.28538179397583,3.000406265258789,1.9828155040740967,0.4479548931121826,0.9255752717021154,0.9999989519838358,0.9464917492876556,0.9999989519838358,0.8630857786831874,0.9517615901016535,0.9464917492876556,0.8719602611138945,0.938773804490525,0.9614693135417984,4062.6879539340734
orientation_batch_01,datasets/synthetic_orientation_512/orientation_batch_01.png,0.15,10.0,171.0,9.0,171.0,9.0,raw,1.0,1.0,152.048095703125,152.048095703125,0.0,False,nan,nan,0.0,0.0,258.5786437988281,0.0,170.0,10.0,0.0,10.0,0.0,246.65957641601562,0.0,43.51236342479575,0.9992237144726895,21.800924733972703,0.8874588429666962,3.597203016281128,5.141610017744824e-05,2.556661605834961,5.141610017744824e-05,7.531010150909424,3.5431742668151855,2.556661605834961,6.808014869689941,4.032803535461426,2.8612818717956543,0.6818923950195312,0.9255752717021154,0.9999989519838358,0.9464917492876556,0.9999989519838358,0.8493068125581039,0.9286187281351257,0.9464917492876556,0.8605232351387705,0.9170960071880698,0.9436942668494245,3850.3960967063904
orientation_batch_01,datasets/synthetic_orientation_512/orientation_batch_01.png,0.15,15.0,166.0,14.0,166.0,14.0,raw,1.0,1.0,117.33116912841797,117.33116912841797,0.0,False,nan,nan,0.0,0.0,258.5786437988281,0.0,165.0,15.0,0.0,15.0,0.0,239.05615234375,0.0,43.51236342479575,0.9992237144726895,21.367432901707147,0.8750973311996044,3.597203016281128,5.141610017744824e-05,2.556661605834961,5.141610017744824e-05,8.082474708557129,4.585253715515137,2.556661605834961,7.4086527824401855,4.849537372589111,3.6581664085388184,0.9270873069763184,0.9255752717021154,0.9999989519838358,0.9464917492876556,0.9999989519838358,0.8368893746034498,0.9069230768229513,0.9464917492876556,0.8472834052345091,0.899520704752392,0.927450366827963,3864.751238375902
orientation_batch_01,datasets/synthetic_orientation_512/orientation_batch_01.png,0.15,30.0,151.0,29.0,151.0,29.0,raw,1.0,1.0,94.32324981689453,94.32324981689453,0.0,False,nan,nan,0.0,0.0,258.5786437988281,0.0,150.0,30.0,0.0,30.0,0.0,230.7971649169922,0.0,43.51236342479575,0.9992237144726895,19.979623540125527,0.8297782089319511,3.597203016281128,5.141610017744824e-05,2.556661605834961,5.141610017744824e-05,10.439420700073242,7.068142890930176,2.556661605834961,9.90757942199707,7.159310340881348,5.8347063064575195,1.2334365844726562,0.9255752717021154,0.9999989519838358,0.9464917492876556,0.9999989519838358,0.786159922645729,0.8547851348709127,0.9464917492876556,0.7931904437602267,0.8497101785807321,0.8819038049523841,3876.032730564475
orientation_batch_01,datasets/synthetic_orientation_512/orientation_batch_01.png,0.15,45.0,136.0,44.0,136.0,44.0,raw,1.0,1.0,121.19488525390625,121.19488525390625,0.0,False,nan,nan,0.0,0.0,258.5786437988281,0.0,135.0,45.0,0.0,45.0,0.0,238.04859924316406,0.0,43.51236342479575,0.9992237144726895,19.578772776075965,0.8092247864498882,3.597203016281128,5.141610017744824e-05,2.556661605834961,5.141610017744824e-05,9.973370552062988,6.897601127624512,2.556661605834961,9.259381294250488,6.824834823608398,5.88621187210083,1.0113892555236816,0.9255752717021154,0.9999989519838358,0.9464917492876556,0.9999989519838358,0.7979414369447658,0.8613209866065915,0.9464917492876556,0.8079308625037439,0.8592476208202219,0.8832151458147546,3859.191831201315
orientation_batch_01,datasets/synthetic_orientation_512/orientation_batch_01.png,0.15,60.0,121.00000000000001,58.999999999999986,121.00000000000001,58.999999999999986,raw,1.0000000000000142,1.0000000000000142,91.67698669433594,91.67698669433594,0.0,False,nan,nan,0.0,0.0,258.5786437988281,0.0,120.0,60.0,0.0,60.0,0.0,229.6256561279297,0.0,43.51236342479575,0.9992237144726895,19.60079869114941,0.8129182337745542,3.597203016281128,5.141610017744824e-05,2.556661605834961,5.141610017744824e-05,10.254243850708008,7.091873645782471,2.556661605834961,9.411319732666016,6.791071891784668,5.606081008911133,1.485792636871338,0.9255752717021154,0.9999989519838358,0.9464917492876556,0.9999989519838358,0.7907731432346706,0.8549446929102329,0.9464917492876556,0.8036466891695169,0.8579952651532382,0.8875412388682249,3899.502767249942
orientation_batch_01,datasets/synthetic_orientation_512/orientation_batch_01.png,0.15,75.0,106.0,74.0,106.0,74.0,raw,1.0,1.0,148.67958068847656,148.67958068847656,0.0,False,nan,nan,0.0,0.0,258.5786437988281,0.0,105.0,75.0,0.0,75.0,0.0,240.50794982910156,0.0,43.51236342479575,0.9992237144726895,20.69928396511581,0.8536805274563242,3.597203016281128,5.141610017744824e-05,2.556661605834961,5.141610017744824e-05,8.85512924194336,4.631654739379883,2.556661605834961,7.878252983093262,4.826624870300293,3.8471546173095703,0.7845001220703125,0.9255752717021154,0.9999989519838358,0.9464917492876556,0.9999989519838358,0.8204824766355563,0.9061293927040095,0.9464917492876556,0.8365920521038297,0.8997624551022898,0.92362508374671,3901.45025216043
orientation_batch_01,datasets/synthetic_orientation_512/orientation_batch_01.png,0.15,90.0,91.0,89.0,91.0,89.0,raw,1.0,1.0,183.2677459716797,183.2677459716797,0.0,False,nan,nan,0.0,0.0,258.5786437988281,0.0,90.0,90.0,0.0,90.0,0.0,258.5785217285156,0.0,43.51236342479575,0.9992237144726895,21.841162888838767,0.8914508832094628,3.597203016281128,5.141610017744824e-05,2.556661605834961,5.141610017744824e-05,7.244831562042236,5.1420702220639214e-05,2.556661605834961,6.2755889892578125,2.5566577911376953,4.808758946595049e-10,5.1420221344744554e-05,0.9255752717021154,0.9999989519838358,0.9464917492876556,0.9999989519838358,0.8530660886301444,0.9999989518846507,0.9464917492876556,0.8692246797365178,0.946491829863679,0.9999999999901734,3902.336882427335
orientation_batch_01,datasets/synthetic_orientation_512/orientation_batch_01.png,0.15,120.0,61.0,119.0,61.0,119.0,raw,1.0,1.0,94.32345581054688,94.32345581054688,0.0,False,nan,nan,0.0,0.0,258.5786437988281,0.0,60.0,120.0,0.0,120.0,0.0,230.79685974121094,0.0,43.51236342479575,0.9992237144726895,19.979623540125527,0.8297782089319511,3.597203016281128,5.141610017744824e-05,2.556661605834961,5.141610017744824e-05,10.439420700073242,7.068142890930176,2.556661605834961,9.90757942199707,7.159310340881348,5.8347063064575195,1.2334365844726562,0.9255752717021154,0.9999989519838358,0.9464917492876556,0.9999989519838358,0.786159922645729,0.8547851348709127,0.9464917492876556,0.7931904437602267,0.8497101785807321,0.8819038049523841,3968.6361737549305
orientation_batch_01,datasets/synthetic_orientation_512/orientation_batch_01.png,0.15,150.0,31.0,149.0,31.0,149.0,raw,1.0,1.0,91.6771469116211,91.6771469116211,0.0,False,nan,nan,0.0,0.0,258.5786437988281,0.0,30.0,150.0,0.0,150.0,0.0,229.62538146972656,0.0,43.51236342479575,0.9992237144726895,19.60079869114941,0.8129182337745542,3.597203016281128,5.141610017744824e-05,2.556661605834961,5.141610017744824e-05,10.254243850708008,7.091873645782471,2.556661605834961,9.411319732666016,6.791071891784668,5.606082916259766,1.485790729522705,0.9255752717021154,0.9999989519838358,0.9464917492876556,0.9999989519838358,0.7907731432346706,0.8549446929102329,0.9464917492876556,0.8036466891695169,0.8579952651532382,0.8875412062313212,3952.210733667016
orientation_batch_01,datasets/synthetic_orientation_512/orientation_batch_01.png,0.15,180.0,1.0,179.0,1.0,179.0,raw,1.0,1.0,183.2679443359375,183.2679443359375,0.0,False,nan,nan,0.0,0.0,258.5786437988281,0.0,0.0,0.0,0.0,0.0,0.0,258.5786437988281,0.0,43.51236342479575,0.9992237144726895,21.841162888838767,0.8914508832094628,3.597203016281128,5.141610017744824e-05,2.556661605834961,5.141610017744824e-05,7.244831562042236,5.1420702220639214e-05,2.556661605834961,6.2755889892578125,2.5566577911376953,4.808758946595049e-10,5.1420221344744554e-05,0.9255752717021154,0.9999989519838358,0.9464917492876556,0.9999989519838358,0.8530660886301444,0.9999989518846507,0.9464917492876556,0.8692246797365178,0.946491829863679,0.9999999999901734,3919.3676728755236
orientation_batch_02,datasets/synthetic_orientation_512/orientation_batch_02.png,0.15,5.0,176.0,4.0,176.0,4.0,raw,1.0,1.0,147.29466247558594,147.29466247558594,0.0,False,nan,nan,0.0,0.0,258.90936279296875,0.0,176.0,4.0,1.0,4.0,1.0,243.86610412597656,0.0,43.40443928001104,0.9992192534747751,22.182464661967707,0.8989633317693372,3.444981098175049,0.00021131348330527544,2.303377151489258,0.00021131348330527544,7.048417091369629,2.4315381050109863,2.303377151489258,6.342485427856445,3.253633737564087,1.9284639358520508,0.5030741691589355,0.9251538716219404,0.9999954505067234,0.9492072643852038,0.9999954505067234,0.8532557380398877,0.9493153487274996,0.9492072643852038,0.8646641121142915,0.9301979236370578,0.9606127262138314,3941.0921838134527
orientation_batch_02,datasets/synthetic_orientation_512/orientation_batch_02.png,0.15,10.0,171.0,9.0,171.0,9.0,raw,1.0,1.0,157.5548095703125,157.5548095703125,0.0,False,nan,nan,0.0,0.0,258.90936279296875,0.0,170.0,10.0,0.0,10.0,0.0,243.31956481933594,0.0,43.40443928001104,0.9992192534747751,21.6754027479887,0.8847488861240956,3.444981098175049,0.00021131348330527544,2.303377151489258,0.00021131348330527544,7.652310371398926,3.952512741088867,2.303377151489258,6.88101863861084,4.4027628898620605,3.2474465370178223,0.7050662040710449,0.9251538716219404,0.9999954505067234,0.9492072643852038,0.9999954505067234,0.8400970083306014,0.9164885592645986,0.9492072643852038,0.8524681380317874,0.9049727305508057,0.9327085683705741,3946.871619671583
orientation_batch_02,datasets/synthetic_orientation_512/orientation_batch_02.png,0.15,15.0,166.0,14.0,166.0,14.0,raw,1.0,1.0,125.23087310791016,125.23087310791016,0.0,False,nan,nan,0.0,0.0,258.90936279296875,0.0,165.0,15.0,0.0,15.0,0.0,241.3430633544922,0.0,43.40443928001104,0.9992192534747751,21.064217845342842,0.8675144277696281,3.444981098175049,0.00021131348330527544,2.303377151489258,0.00021131348330527544,8.192845344543457,5.0081329345703125,2.303377151489258,7.508914470672607,5.364215850830078,4.086452484130859,0.9216804504394531,0.9251538716219404,0.9999954505067234,0.9492072643852038,0.9999954505067234,0.8271132891786205,0.8931981854893305,0.9492072643852038,0.8380396210576369,0.8832903864656633,0.9147834046072396,4006.4833369106054
orientation_batch_02,datasets/synthetic_orientation_512/orientation_batch_02.png,0.15,30.0,151.0,29.0,151.0,29.0,raw,1.0,1.0,96.62664794921875,96.62664794921875,0.0,False,nan,nan,0.0,0.0,258.90936279296875,0.0,150.0,30.0,0.0,30.0,0.0,229.15602111816406,0.0,43.40443928001104,0.9992192534747751,19.676093419477493,0.8209987570968243,3.444981098175049,0.00021131348330527544,2.303377151489258,0.00021131348330527544,10.487800598144531,7.146404266357422,2.303377151489258,9.861610412597656,6.952535629272461,5.718291282653809,1.4281129837036133,0.9251538716219404,0.9999954505067234,0.9492072643852038,0.9999954505067234,0.7755164821878964,0.8456384093087205,0.9492072643852038,0.7849217744611766,0.846726378532078,0.8787527061347712,3903.8620367646217
orientation_batch_02,datasets/synthetic_orientation_512/orientation_batch_02.png,0.15,45.0,136.0,44.0,136.0,44.0,raw,1.0,1.0,105.8488540649414,105.8488540649414,0.0,False,nan,nan,0.0,0.0,258.90936279296875,0.0,135.0,45.0,0.0,45.0,0.0,238.07614135742188,0.0,43.40443928001104,0.9992192534747751,19.621916842517464,0.818347074779534,3.444981098175049,0.00021131348330527544,2.303377151489258,0.00021131348330527544,9.65878677368164,6.604248523712158,2.303377151489258,8.804073333740234,6.317313194274902,5.280254364013672,1.3239941596984863,0.9251538716219404,0.9999954505067234,0.9492072643852038,0.9999954505067234,0.7964784039637272,0.8616316938753986,0.9492072643852038,0.8095278271797471,0.8635794861243173,0.8904779765778157,3989.8998010903597
orientation_batch_02,datasets/synthetic_orientation_512/orientation_batch_02.png,0.15,60.0,121.00000000000001,58.999999999999986,121.00000000000001,58.999999999999986,raw,1.0000000000000142,1.0000000000000142,93.3648910522461,93.3648910522461,0.0,False,nan,nan,0.0,0.0,258.90936279296875,0.0,120.0,60.0,0.0,60.0,0.0,231.05889892578125,0.0,43.40443928001104,0.9992192534747751,19.84245532467671,0.8290195032509106,3.444981098175049,0.00021131348330527544,2.303377151489258,0.00021131348330527544,9.951502799987793,6.296480655670166,2.303377151489258,9.121049880981445,6.442497253417969,4.930381774902344,1.3660988807678223,0.9251538716219404,0.9999954505067234,0.9492072643852038,0.9999954505067234,0.788901827143343,0.8657161296191128,0.9492072643852038,0.801903560334288,0.8595413839459494,0.8965604631718033,3945.75241394341
orientation_batch_02,datasets/synthetic_orientation_512/orientation_batch_02.png,0.15,75.0,106.0,74.0,106.0,74.0,raw,1.0,1.0,156.61119079589844,156.61119079589844,0.0,False,nan,nan,0.0,0.0,258.90936279296875,0.0,105.0,75.0,0.0,75.0,0.0,242.4665985107422,0.0,43.40443928001104,0.9992192534747751,20.558917165903843,0.852300177662291,3.444981098175049,0.00021131348330527544,2.303377151489258,0.00021131348330527544,9.019775390625,4.6559600830078125,2.303377151489258,8.237586975097656,4.893619060516357,3.7747631072998047,0.8811969757080078,0.9251538716219404,0.9999954505067234,0.9492072643852038,0.9999954505067234,0.8095044011947048,0.9008295136156717,0.9492072643852038,0.8214437690373021,0.8933749119186937,0.9215388103881472,3844.840267673135
orientation_batch_02,datasets/synthetic_orientation_512/orientation_batch_02.png,0.15,90.0,91.0,89.0,91.0,89.0,raw,1.0,1.0,191.69058227539062,191.69058227539062,0.0,False,nan,nan,0.0,0.0,258.90936279296875,0.0,90.0,90.0,0.0,90.0,0.0,258.9092102050781,0.0,43.40443928001104,0.9992192534747751,21.958785639464313,0.8955938586578099,3.444981098175049,0.00021131348330527544,2.303377151489258,0.00021131348330527544,7.598078727722168,0.00021135751740075648,2.303377151489258,6.272880554199219,2.303377151489258,7.334730600661032e-10,0.0002113567839276964,0.9251538716219404,0.9999954505067234,0.9492072643852038,0.9999954505067234,0.8390890125551338,0.9999954495540273,0.9492072643852038,0.8628406652188544,0.9492072540666191,0.9999999999842175,3844.1028520464897
orientation_batch_02,datasets/synthetic_orientation_512/orientation_batch_02.png,0.15,120.0,61.0,119.0,61.0,119.0,raw,1.0,1.0,96.62667846679688,96.62667846679688,0.0,False,nan,nan,0.0,0.0,258.90936279296875,0.0,60.0,120.0,0.0,120.0,0.0,229.15579223632812,0.0,43.40443928001104,0.9992192534747751,19.676093419477493,0.8209987570968243,3.444981098175049,0.00021131348330527544,2.303377151489258,0.00021131348330527544,10.487800598144531,7.146404266357422,2.303377151489258,9.861610412597656,6.952535629272461,5.718291282653809,1.4281129837036133,0.9251538716219404,0.9999954505067234,0.9492072643852038,0.9999954505067234,0.7755164821878964,0.8456384093087205,0.9492072643852038,0.7849217744611766,0.846726378532078,0.8787527061347712,3906.1843659728765
orientation_batch_02,datasets/synthetic_orientation_512/orientation_batch_02.png,0.15,150.0,31.0,149.0,31.0,149.0,raw,1.0,1.0,93.36507415771484,93.36507415771484,0.0,False,nan,nan,0.0,0.0,258.90936279296875,0.0,30.0,150.0,0.0,150.0,0.0,231.05874633789062,0.0,43.40443928001104,0.9992192534747751,19.84245532467671,0.8290195032509106,3.444981098175049,0.00021131348330527544,2.303377151489258,0.00021131348330527544,9.951502799987793,6.296480655670166,2.303377151489258,9.121049880981445,6.442497253417969,4.930381774902344,1.3660988807678223,0.9251538716219404,0.9999954505067234,0.9492072643852038,0.9999954505067234,0.788901827143343,0.8657161296191128,0.9492072643852038,0.801903560334288,0.8595413839459494,0.8965604631718033,3871.3593129068613
orientation_batch_02,datasets/synthetic_orientation_512/orientation_batch_02.png,0.15,180.0,1.0,179.0,1.0,179.0,raw,1.0,1.0,191.69065856933594,191.69065856933594,0.0,False,nan,nan,0.0,0.0,258.90936279296875,0.0,0.0,0.0,0.0,0.0,0.0,258.90936279296875,0.0,43.40443928001104,0.9992192534747751,21.958785639464313,0.8955938586578099,3.444981098175049,0.00021131348330527544,2.303377151489258,0.00021131348330527544,7.598078727722168,0.00021135751740075648,2.303377151489258,6.272880554199219,2.303377151489258,7.334730600661032e-10,0.0002113567839276964,0.9251538716219404,0.9999954505067234,0.9492072643852038,0.9999954505067234,0.8390890125551338,0.9999954495540273,0.9492072643852038,0.8628406652188544,0.9492072540666191,0.9999999999842175,3835.173448547721
orientation_batch_03,datasets/synthetic_orientation_512/orientation_batch_03.png,0.15,5.0,175.0,5.0,175.0,5.0,raw,0.0,0.0,125.89502716064453,125.89502716064453,0.0,False,nan,nan,0.0,0.0,258.41650390625,0.0,176.0,4.0,1.0,4.0,1.0,241.2683868408203,0.0,44.0231618969295,0.9993167180314946,28.94214134894281,0.9785416455529975,3.1187591552734375,0.00029164570150896907,2.033341407775879,0.00029164570150896907,2.4481210708618164,2.448122978210449,2.033341407775879,3.3224923610687256,3.322490930557251,2.2327828407287598,0.21534013748168945,0.9354438469938549,0.9999940361199359,0.9575315967460506,0.9999940361199359,0.9514617594244976,0.9514617242214927,0.9575315967460506,0.9324234093477493,0.9324234467438967,0.9565502808929955,3914.7142730653286
orientation_batch_03,datasets/synthetic_orientation_512/orientation_batch_03.png,0.15,10.0,171.0,9.0,171.0,9.0,raw,1.0,1.0,144.67726135253906,144.67726135253906,0.0,False,nan,nan,0.0,0.0,258.41650390625,0.0,171.0,9.0,1.0,9.0,1.0,242.0339813232422,0.0,44.0231618969295,0.9993167180314946,22.161185599360014,0.8992363254594696,3.1187591552734375,0.00029164570150896907,2.033341407775879,0.00029164570150896907,7.3871355056762695,3.2540879249572754,2.033341407775879,6.561160087585449,3.8403377532958984,3.0519280433654785,0.20215988159179688,0.9354438469938549,0.9999940361199359,0.9575315967460506,0.9999940361199359,0.8528550022775637,0.9345950303241158,0.9575315967460506,0.8659495424705215,0.9213595405289807,0.9400896821005662,3820.6860441714525
orientation_batch_03,datasets/synthetic_orientation_512/orientation_batch_03.png,0.15,15.0,166.0,14.0,166.0,14.0,raw,1.0,1.0,104.1692886352539,104.1692886352539,0.0,False,nan,nan,0.0,0.0,258.41650390625,0.0,165.0,15.0,0.0,15.0,0.0,245.0912322998047,0.0,44.0231618969295,0.9993167180314946,21.780451540171512,0.8904650585626666,3.1187591552734375,0.00029164570150896907,2.033341407775879,0.00029164570150896907,8.209114074707031,4.147998809814453,2.033341407775879,7.486774444580078,4.65598726272583,3.3730499744415283,0.7749488353729248,0.9354438469938549,0.9999940361199359,0.9575315967460506,0.9999940361199359,0.8348856403259217,0.9159522460676177,0.9575315967460506,0.8462515042899419,0.9039075629642918,0.9333211840334698,3821.8426797538996
orientation_batch_03,datasets/synthetic_orientation_512/orientation_batch_03.png,0.15,30.0,151.0,29.0,151.0,29.0,raw,1.0,1.0,91.5724868774414,91.5724868774414,0.0,False,nan,nan,0.0,0.0,258.41650390625,0.0,150.0,30.0,0.0,30.0,0.0,234.26992797851562,0.0,44.0231618969295,0.9993167180314946,20.509068214790478,0.8576656022699408,3.1187591552734375,0.00029164570150896907,2.033341407775879,0.00029164570150896907,10.533620834350586,6.731082916259766,2.033341407775879,9.813859939575195,6.848210334777832,5.524697780609131,1.2063851356506348,0.9354438469938549,0.9999940361199359,0.9575315967460506,0.9999940361199359,0.7847442053361078,0.8615553653987332,0.9575315967460506,0.7957069468924556,0.8565784395738629,0.8883344670529548,3968.2999309152365
orientation_batch_03,datasets/synthetic_orientation_512/orientation_batch_03.png,0.15,45.0,136.0,44.0,136.0,44.0,raw,1.0,1.0,109.2466049194336,109.2466049194336,0.0,False,nan,nan,0.0,0.0,258.41650390625,0.0,135.0,45.0,0.0,45.0,0.0,234.37017822265625,0.0,44.0231618969295,0.9993167180314946,20.39016380234548,0.8518813394915318,3.1187591552734375,0.00029164570150896907,2.033341407775879,0.00029164570150896907,9.462724685668945,6.30916690826416,2.033341407775879,8.8252534866333,6.234428405761719,5.316276550292969,0.9928903579711914,0.9354438469938549,0.9999940361199359,0.9575315967460506,0.9999940361199359,0.8090908971853705,0.8733588331987524,0.9575315967460506,0.8175076648382575,0.8714331360586587,0.8948764941879699,4054.466925561428
orientation_batch_03,datasets/synthetic_orientation_512/orientation_batch_03.png,0.15,60.0,121.00000000000001,58.999999999999986,121.00000000000001,58.999999999999986,raw,1.0000000000000142,1.0000000000000142,84.59246826171875,84.59246826171875,0.0,False,nan,nan,0.0,0.0,258.41650390625,0.0,120.0,60.0,0.0,60.0,0.0,228.21676635742188,0.0,44.0231618969295,0.9993167180314946,20.48171691932348,0.8571598806489389,3.1187591552734375,0.00029164570150896907,2.033341407775879,0.00029164570150896907,9.635848999023438,6.4455156326293945,2.033341407775879,8.95809555053711,6.437010288238525,5.176097393035889,1.2694182395935059,0.9354438469938549,0.9999940361199359,0.9575315967460506,0.9999940361199359,0.8042340603498557,0.8684167086011298,0.9575315967460506,0.813843786839717,0.8659126300877246,0.8961854992666385,3910.9252858906984
orientation_batch_03,datasets/synthetic_orientation_512/orientation_batch_03.png,0.15,75.0,106.0,74.0,106.0,74.0,raw,1.0,1.0,146.71275329589844,146.71275329589844,0.0,False,nan,nan,0.0,0.0,258.41650390625,0.0,105.0,75.0,0.0,75.0,0.0,243.0915985107422,0.0,44.0231618969295,0.9993167180314946,21.360828572818868,0.8799699337643224,3.1187591552734375,0.00029164570150896907,2.033341407775879,0.00029164570150896907,8.402732849121094,4.288832187652588,2.033341407775879,7.552518844604492,4.5982890129089355,3.5604124069213867,0.7284197807312012,0.9354438469938549,0.9999940361199359,0.9575315967460506,0.9999940361199359,0.8304979500142732,0.9130561343141198,0.9575315967460506,0.8437096478397872,0.9046754057046759,0.9293599664270946,3927.154576405883
orientation_batch_03,datasets/synthetic_orientation_512/orientation_batch_03.png,0.15,90.0,91.0,89.0,91.0,89.0,raw,1.0,1.0,177.1107635498047,177.1107635498047,0.0,False,nan,nan,0.0,0.0,258.41650390625,0.0,90.0,90.0,0.0,90.0,0.0,258.4163513183594,0.0,44.0231618969295,0.9993167180314946,22.10971655119948,0.899701983795134,3.1187591552734375,0.00029164570150896907,2.033341407775879,0.00029164570150896907,6.895301818847656,0.00029159433324821293,2.033341407775879,6.056769371032715,2.0333375930786133,3.8217526365791343e-10,0.0002915939510729493,0.9354438469938549,0.9999940361199359,0.9575315967460506,0.9999940361199359,0.8601798994023238,0.9999940371732925,0.9575315967460506,0.8737532856761854,0.9575316748047706,0.9999999999921887,3937.2554179280996
orientation_batch_03,datasets/synthetic_orientation_512/orientation_batch_03.png,0.15,120.0,61.0,119.0,61.0,119.0,raw,1.0,1.0,91.57254791259766,91.57254791259766,0.0,False,nan,nan,0.0,0.0,258.41650390625,0.0,60.0,120.0,0.0,120.0,0.0,234.26974487304688,0.0,44.0231618969295,0.9993167180314946,20.509068214790478,0.8576656022699408,3.1187591552734375,0.00029164570150896907,2.033341407775879,0.00029164570150896907,10.533620834350586,6.731082916259766,2.033341407775879,9.813859939575195,6.848210334777832,5.524697303771973,1.206385612487793,0.9354438469938549,0.9999940361199359,0.9575315967460506,0.9999940361199359,0.7847442053361078,0.8615553653987332,0.9575315967460506,0.7957069468924556,0.8565784395738629,0.888334468983407,3828.7589233368635
orientation_batch_03,datasets/synthetic_orientation_512/orientation_batch_03.png,0.15,150.0,31.0,149.0,31.0,149.0,raw,1.0,1.0,84.592529296875,84.592529296875,0.0,False,nan,nan,0.0,0.0,258.41650390625,0.0,30.0,150.0,0.0,150.0,0.0,228.21665954589844,0.0,44.0231618969295,0.9993167180314946,20.48171691932348,0.8571598806489389,3.1187591552734375,0.00029164570150896907,2.033341407775879,0.00029164570150896907,9.635848999023438,6.4455156326293945,2.033341407775879,8.95809555053711,6.437010288238525,5.176097393035889,1.2694182395935059,0.9354438469938549,0.9999940361199359,0.9575315967460506,0.9999940361199359,0.8042340603498557,0.8684167086011298,0.9575315967460506,0.813843786839717,0.8659126300877246,0.8961854992666385,3877.9627960175276
orientation_batch_03,datasets/synthetic_orientation_512/orientation_batch_03.png,0.15,180.0,1.0,179.0,1.0,179.0,raw,1.0,1.0,177.1107940673828,177.1107940673828,0.0,False,nan,nan,0.0,0.0,258.41650390625,0.0,0.0,0.0,0.0,0.0,0.0,258.41650390625,0.0,44.0231618969295,0.9993167180314946,22.10971655119948,0.899701983795134,3.1187591552734375,0.00029164570150896907,2.033341407775879,0.00029164570150896907,6.895301818847656,0.00029159433324821293,2.033341407775879,6.056769371032715,2.0333375930786133,3.8217526365791343e-10,0.0002915939510729493,0.9354438469938549,0.9999940361199359,0.9575315967460506,0.9999940361199359,0.8601798994023238,0.9999940371732925,0.9575315967460506,0.8737532856761854,0.9575316748047706,0.9999999999921887,3868.3443628251553
orientation_batch_04,datasets/synthetic_orientation_512/orientation_batch_04.png,0.15,5.0,176.0,4.0,176.0,4.0,raw,1.0,1.0,150.72622680664062,150.72622680664062,0.0,False,nan,nan,0.0,0.0,258.787841796875,0.0,175.0,5.0,0.0,5.0,0.0,246.25003051757812,0.0,43.6928685109463,0.9991185481172726,21.18438592061155,0.8400443374580671,0.4105755090713501,1.351438186247833e-05,0.3510531783103943,1.351438186247833e-05,6.916573524475098,1.7387166023254395,0.3510531783103943,6.806636333465576,1.8416948318481445,1.6796233654022217,0.05909323692321777,0.990452955819772,0.9999996886292647,0.9918940108749519,0.9999996886292647,0.842350249756354,0.9605217708341824,0.9918940108749519,0.8432851624274746,0.9574550137037051,0.9620166789273797,3825.1541648060083
orientation_batch_04,datasets/synthetic_orientation_512/orientation_batch_04.png,0.15,10.0,171.0,9.0,171.0,9.0,raw,1.0,1.0,161.11459350585938,161.11459350585938,0.0,False,nan,nan,0.0,0.0,258.787841796875,0.0,170.0,10.0,0.0,10.0,0.0,245.82081604003906,0.0,43.6928685109463,0.9991185481172726,20.832882021830443,0.8260469685583126,0.4105755090713501,1.351438186247833e-05,0.3510531783103943,1.351438186247833e-05,7.494747161865234,3.5799992084503174,0.3510531783103943,7.3713836669921875,3.6132118701934814,3.4779281616210938,0.10207104682922363,0.990452955819772,0.9999996886292647,0.9918940108749519,0.9999996886292647,0.8289554858904097,0.9181439777364763,0.9918940108749519,0.8300550014852234,0.9162419178266387,0.9208247693660407,3889.3357198685408
orientation_batch_04,datasets/synthetic_orientation_512/orientation_batch_04.png,0.15,15.0,165.0,15.0,165.0,15.0,raw,0.0,0.0,113.97225189208984,113.97225189208984,0.0,False,nan,nan,0.0,0.0,258.787841796875,0.0,165.0,15.0,0.0,15.0,0.0,246.05294799804688,0.0,43.6928685109463,0.9991185481172726,23.800624811178686,0.9118850109319254,0.4105755090713501,1.351438186247833e-05,0.3510531783103943,1.351438186247833e-05,4.353968620300293,4.353969573974609,0.3510531783103943,4.504228115081787,4.504228115081787,4.207116603851318,0.14685297012329102,0.990452955819772,0.9999996886292647,0.9918940108749519,0.9999996886292647,0.8996663256584935,0.8996663118635461,0.9918940108749519,0.8950218564456301,0.895021852332046,0.9038471698803768,3827.646378427744
orientation_batch_04,datasets/synthetic_orientation_512/orientation_batch_04.png,0.15,30.0,150.0,30.0,150.0,30.0,raw,0.0,0.0,109.0488052368164,109.0488052368164,0.0,False,nan,nan,0.0,0.0,258.787841796875,0.0,150.0,30.0,0.0,30.0,0.0,230.2156524658203,0.0,43.6928685109463,0.9991185481172726,21.395260421901646,0.8499733686032025,0.4105755090713501,1.351438186247833e-05,0.3510531783103943,1.351438186247833e-05,6.20277214050293,6.202771186828613,0.3510531783103943,6.251328945159912,6.251328945159912,6.057382106781006,0.14538908004760742,0.990452955819772,0.9999996886292647,0.9918940108749519,0.9999996886292647,0.856486915417545,0.8564869304114122,0.9918940108749519,0.8537803057412391,0.8537803276782305,0.8609249032613324,3928.3433072268963
orientation_batch_04,datasets/synthetic_orientation_512/orientation_batch_04.png,0.15,45.0,136.0,44.0,136.0,44.0,raw,1.0,1.0,99.9234390258789,99.9234390258789,0.0,False,nan,nan,0.0,0.0,258.787841796875,0.0,135.0,45.0,0.0,45.0,0.0,239.0562744140625,0.0,43.6928685109463,0.9991185481172726,19.105255297241044,0.7460948176224552,0.4105755090713501,1.351438186247833e-05,0.3510531783103943,1.351438186247833e-05,9.851591110229492,6.542854309082031,0.3510531783103943,9.816437721252441,6.402482986450195,6.263381004333496,0.27947330474853516,0.990452955819772,0.9999996886292647,0.9918940108749519,0.9999996886292647,0.7748506525595161,0.8502491354724896,0.9918940108749519,0.7737755096900755,0.8515882565956324,0.8579536899979455,3982.69128985703
orientation_batch_04,datasets/synthetic_orientation_512/orientation_batch_04.png,0.15,60.0,121.00000000000001,58.999999999999986,121.00000000000001,58.999999999999986,raw,1.0000000000000142,1.0000000000000142,78.17145538330078,78.17145538330078,0.0,False,nan,nan,0.0,0.0,258.787841796875,0.0,120.0,60.0,0.0,60.0,0.0,224.57562255859375,0.0,43.6928685109463,0.9991185481172726,19.157549517715136,0.7515723779504772,0.4105755090713501,1.351438186247833e-05,0.3510531783103943,1.351438186247833e-05,9.901363372802734,6.302258014678955,0.3510531783103943,9.799121856689453,6.403064727783203,6.071780681610107,0.23047733306884766,0.990452955819772,0.9999996886292647,0.9918940108749519,0.9999996886292647,0.7720218071640401,0.8539453839631639,0.9918940108749519,0.7725213119527395,0.8500371422575155,0.8607331590660462,3957.050481811166
orientation_batch_04,datasets/synthetic_orientation_512/orientation_batch_04.png,0.15,75.0,106.0,74.0,106.0,74.0,raw,1.0,1.0,146.99790954589844,146.99790954589844,0.0,False,nan,nan,0.0,0.0,258.787841796875,0.0,105.0,75.0,0.0,75.0,0.0,240.91514587402344,0.0,43.6928685109463,0.9991185481172726,19.868091386743757,0.7838604919923619,0.4105755090713501,1.351438186247833e-05,0.3510531783103943,1.351438186247833e-05,8.947665214538574,4.262286186218262,0.3510531783103943,8.86795425415039,4.347226142883301,4.173672199249268,0.08861398696899414,0.990452955819772,0.9999996886292647,0.9918940108749519,0.9999996886292647,0.7942672577485467,0.9017401704348242,0.9918940108749519,0.7945621479889047,0.8985572266431275,0.9044498167872198,3885.010492056608
orientation_batch_04,datasets/synthetic_orientation_512/orientation_batch_04.png,0.15,90.0,91.0,89.0,91.0,89.0,raw,1.0,1.0,188.82350158691406,188.82350158691406,0.0,False,nan,nan,0.0,0.0,258.787841796875,0.0,90.0,90.0,0.0,90.0,0.0,258.7876892089844,0.0,43.6928685109463,0.9991185481172726,21.10745199346816,0.8410386683829256,0.4105755090713501,1.351438186247833e-05,0.3510531783103943,1.351438186247833e-05,6.322414875030518,1.3513365047401749e-05,0.3510531783103943,6.212102890014648,0.3510531187057495,3.3058542014963166e-11,1.3513331988859734e-05,0.990452955819772,0.9999996886292647,0.9918940108749519,0.9999996886292647,0.8546377345019394,0.999999688651927,0.9918940108749519,0.8558183824539833,0.9918940128127681,0.9999999999992348,3923.0778515338898
orientation_batch_04,datasets/synthetic_orientation_512/orientation_batch_04.png,0.15,120.0,60.0,120.0,60.0,120.0,raw,0.0,0.0,109.04889678955078,109.04889678955078,0.0,False,nan,nan,0.0,0.0,258.787841796875,0.0,60.0,120.0,0.0,120.0,0.0,230.21556091308594,0.0,43.6928685109463,0.9991185481172726,21.395260421901646,0.8499733686032025,0.4105755090713501,1.351438186247833e-05,0.3510531783103943,1.351438186247833e-05,6.20277214050293,6.202771186828613,0.3510531783103943,6.251328945159912,6.251328945159912,6.057381629943848,0.14538955688476562,0.990452955819772,0.9999996886292647,0.9918940108749519,0.9999996886292647,0.856486915417545,0.8564869304114122,0.9918940108749519,0.8537803057412391,0.8537803276782305,0.8609249126991153,3913.25094178319
orientation_batch_04,datasets/synthetic_orientation_512/orientation_batch_04.png,0.15,150.0,31.0,149.0,31.0,149.0,raw,1.0,1.0,78.17158508300781,78.17158508300781,0.0,False,nan,nan,0.0,0.0,258.787841796875,0.0,30.0,150.0,0.0,150.0,0.0,224.5755157470703,0.0,43.6928685109463,0.9991185481172726,19.157549517715136,0.7515723779504772,0.4105755090713501,1.351438186247833e-05,0.3510531783103943,1.351438186247833e-05,9.901363372802734,6.302258014678955,0.3510531783103943,9.799121856689453,6.403064727783203,6.071780681610107,0.23047733306884766,0.990452955819772,0.9999996886292647,0.9918940108749519,0.9999996886292647,0.7720218071640401,0.8539453839631639,0.9918940108749519,0.7725213119527395,0.8500371422575155,0.8607331590660462,3916.885817423463
orientation_batch_04,datasets/synthetic_orientation_512/orientation_batch_04.png,0.15,180.0,1.0,179.0,1.0,179.0,raw,1.0,1.0,188.823486328125,188.823486328125,0.0,False,nan,nan,0.0,0.0,258.787841796875,0.0,0.0,0.0,0.0,0.0,0.0,258.787841796875,0.0,43.6928685109463,0.9991185481172726,21.10745199346816,0.8410386683829256,0.4105755090713501,1.351438186247833e-05,0.3510531783103943,1.351438186247833e-05,6.322414875030518,1.3513365047401749e-05,0.3510531783103943,6.212102890014648,0.3510531187057495,3.3058542014963166e-11,1.3513331988859734e-05,0.990452955819772,0.9999996886292647,0.9918940108749519,0.9999996886292647,0.8546377345019394,0.999999688651927,0.9918940108749519,0.8558183824539833,0.9918940128127681,0.9999999999992348,3971.353640779853
orientation_batch_05,datasets/synthetic_orientation_512/orientation_batch_05.png,0.15,5.0,176.0,4.0,176.0,4.0,raw,1.0,1.0,135.25473022460938,135.25473022460938,0.0,False,nan,nan,0.0,0.0,258.2813720703125,0.0,176.0,4.0,1.0,4.0,1.0,245.72998046875,0.0,43.71668994749096,0.9992610951956445,22.375006660275435,0.8999822799683899,3.443802833557129,7.752513920422643e-05,2.406216859817505,7.752513920422643e-05,6.84808874130249,2.520998001098633,2.406216859817505,6.2572174072265625,3.168109655380249,1.9144673347473145,0.6065306663513184,0.9251126346528792,0.9999983270986408,0.9468199262603414,0.9999983270986408,0.856967928021547,0.9473293002380847,0.9468199262603414,0.8661303766312798,0.9318644412308503,0.9607336598578857,3964.9272225797176
orientation_batch_05,datasets/synthetic_orientation_512/orientation_batch_05.png,0.15,10.0,171.0,9.0,171.0,9.0,raw,1.0,1.0,149.45452880859375,149.45452880859375,0.0,False,nan,nan,0.0,0.0,258.2813720703125,0.0,170.0,10.0,0.0,10.0,0.0,242.57723999023438,0.0,43.71668994749096,0.9992610951956445,21.873692007010543,0.8873732371438262,3.443802833557129,7.752513920422643e-05,2.406216859817505,7.752513920422643e-05,7.55418062210083,3.875138521194458,2.406216859817505,6.935245513916016,4.256546497344971,3.227393388748169,0.6477451324462891,0.9251126346528792,0.9999983270986408,0.9468199262603414,0.9999983270986408,0.8418991597334573,0.9180544315202724,0.9468199262603414,0.8512519025548105,0.9081273562798821,0.9330538613091394,3933.9623637497425
orientation_batch_05,datasets/synthetic_orientation_512/orientation_batch_05.png,0.15,15.0,166.0,14.0,166.0,14.0,raw,1.0,1.0,125.3454818725586,125.3454818725586,0.0,False,nan,nan,0.0,0.0,258.2813720703125,0.0,165.0,15.0,0.0,15.0,0.0,242.17095947265625,0.0,43.71668994749096,0.9992610951956445,21.31578628084261,0.8728563656820939,3.443802833557129,7.752513920422643e-05,2.406216859817505,7.752513920422643e-05,8.152222633361816,4.862608909606934,2.406216859817505,7.552626609802246,5.222187042236328,4.04463529586792,0.8179736137390137,0.9251126346528792,0.9999983270986408,0.9468199262603414,0.9999983270986408,0.8285039835590858,0.896133795265681,0.9468199262603414,0.8372034778702719,0.8864128834168805,0.9156248396320849,4071.140142157674
orientation_batch_05,datasets/synthetic_orientation_512/orientation_batch_05.png,0.15,30.0,151.0,29.0,151.0,29.0,raw,1.0,1.0,95.96250915527344,95.96250915527344,0.0,False,nan,nan,0.0,0.0,258.2813720703125,0.0,150.0,30.0,0.0,30.0,0.0,227.59719848632812,0.0,43.71668994749096,0.9992610951956445,20.074272314658565,0.8348266296351805,3.443802833557129,7.752513920422643e-05,2.406216859817505,7.752513920422643e-05,10.335151672363281,6.777864933013916,2.406216859817505,9.708300590515137,6.802797317504883,5.638399124145508,1.1394658088684082,0.9251126346528792,0.9999983270986408,0.9468199262603414,0.9999983270986408,0.7789936016604705,0.8537187664826211,0.9468199262603414,0.7882087930186753,0.8502859332842474,0.8802943978685379,3988.9465365558863
orientation_batch_05,datasets/synthetic_orientation_512/orientation_batch_05.png,0.15,45.0,136.0,44.0,136.0,44.0,raw,1.0,1.0,108.28230285644531,108.28230285644531,0.0,False,nan,nan,0.0,0.0,258.2813720703125,0.0,135.0,45.0,0.0,45.0,0.0,240.0265350341797,0.0,43.71668994749096,0.9992610951956445,20.06176759780391,0.8340536493664756,3.443802833557129,7.752513920422643e-05,2.406216859817505,7.752513920422643e-05,9.611152648925781,6.454915523529053,2.406216859817505,8.642093658447266,6.234362602233887,5.2435197830200195,1.2113957405090332,0.9251126346528792,0.9999983270986408,0.9468199262603414,0.9999983270986408,0.7972482296869292,0.8648188656396117,0.9468199262603414,0.81320189793216,0.8653299583072532,0.8914092825173927,3882.5509510934353
orientation_batch_05,datasets/synthetic_orientation_512/orientation_batch_05.png,0.15,60.0,120.0,60.0,120.0,60.0,raw,0.0,0.0,80.78091430664062,80.78091430664062,0.0,False,nan,nan,0.0,0.0,258.2813720703125,0.0,120.0,60.0,0.0,60.0,0.0,229.9110870361328,0.0,43.71668994749096,0.9992610951956445,22.254706864594223,0.9012880949830979,3.443802833557129,7.752513920422643e-05,2.406216859817505,7.752513920422643e-05,6.47668981552124,6.476690769195557,2.406216859817505,6.407588958740234,6.407588958740234,5.160689830780029,1.3160009384155273,0.9251126346528792,0.9999983270986408,0.9468199262603414,0.9999983270986408,0.8616212926952564,0.861621283267318,0.9468199262603414,0.8602197323386691,0.8602197536082024,0.89151091034714,3843.486275523901
orientation_batch_05,datasets/synthetic_orientation_512/orientation_batch_05.png,0.15,75.0,106.0,74.0,106.0,74.0,raw,1.0,1.0,153.37158203125,153.37158203125,0.0,False,nan,nan,0.0,0.0,258.2813720703125,0.0,106.0,74.0,1.0,74.0,1.0,237.78170776367188,0.0,43.71668994749096,0.9992610951956445,20.83886921403037,0.858899610906079,3.443802833557129,7.752513920422643e-05,2.406216859817505,7.752513920422643e-05,8.841262817382812,4.477644920349121,2.406216859817505,8.106985092163086,4.625298500061035,3.652315616607666,0.8253293037414551,0.9251126346528792,0.9999983270986408,0.9468199262603414,0.9999983270986408,0.8126481315162304,0.9042096135191483,0.9468199262603414,0.824088188027118,0.8989805729647978,0.9238236172603316,3943.9698960632086
orientation_batch_05,datasets/synthetic_orientation_512/orientation_batch_05.png,0.15,90.0,91.0,89.0,91.0,89.0,raw,1.0,1.0,184.2551727294922,184.2551727294922,0.0,False,nan,nan,0.0,0.0,258.2813720703125,0.0,90.0,90.0,0.0,90.0,0.0,258.2812194824219,0.0,43.71668994749096,0.9992610951956445,22.15670593427209,0.8967323511706456,3.443802833557129,7.752513920422643e-05,2.406216859817505,7.752513920422643e-05,6.8392229080200195,7.759065192658454e-05,2.406216859817505,5.93802547454834,2.4062180519104004,2.048892860928575e-10,7.759044703729845e-05,0.9251126346528792,0.9999983270986408,0.9468199262603414,0.9999983270986408,0.855030296230442,0.9999983256885542,0.9468199262603414,0.8699889738641846,0.9468198987457241,0.9999999999955749,3928.590239956975
orientation_batch_05,datasets/synthetic_orientation_512/orientation_batch_05.png,0.15,120.0,61.0,119.0,61.0,119.0,raw,1.0,1.0,95.96259307861328,95.96259307861328,0.0,False,nan,nan,0.0,0.0,258.2813720703125,0.0,60.0,120.0,0.0,120.0,0.0,227.596923828125,0.0,43.71668994749096,0.9992610951956445,20.074272314658565,0.8348266296351805,3.443802833557129,7.752513920422643e-05,2.406216859817505,7.752513920422643e-05,10.335151672363281,6.777864933013916,2.406216859817505,9.708300590515137,6.802797317504883,5.638399600982666,1.13946533203125,0.9251126346528792,0.9999983270986408,0.9468199262603414,0.9999983270986408,0.7789936016604705,0.8537187664826211,0.9468199262603414,0.7882087930186753,0.8502859332842474,0.8802943886012882,3936.4403411746025
orientation_batch_05,datasets/synthetic_orientation_512/orientation_batch_05.png,0.15,150.0,30.0,150.0,30.0,150.0,raw,0.0,0.0,80.78079986572266,80.78079986572266,0.0,False,nan,nan,0.0,0.0,258.2813720703125,0.0,30.0,150.0,0.0,150.0,0.0,229.91099548339844,0.0,43.71668994749096,0.9992610951956445,22.254706864594223,0.9012880949830979,3.443802833557129,7.752513920422643e-05,2.406216859817505,7.752513920422643e-05,6.47668981552124,6.476690769195557,2.406216859817505,6.407588958740234,6.407588958740234,5.160686492919922,1.3160042762756348,0.9251126346528792,0.9999983270986408,0.9468199262603414,0.9999983270986408,0.8616212926952564,0.861621283267318,0.9468199262603414,0.8602197323386691,0.8602197536082024,0.8915109718831743,3853.989727795124
orientation_batch_05,datasets/synthetic_orientation_512/orientation_batch_05.png,0.15,180.0,1.0,179.0,1.0,179.0,raw,1.0,1.0,184.2551727294922,184.2551727294922,0.0,False,nan,nan,0.0,0.0,258.2813720703125,0.0,0.0,0.0,0.0,0.0,0.0,258.2813720703125,0.0,43.71668994749096,0.9992610951956445,22.15670593427209,0.8967323511706456,3.443802833557129,7.752513920422643e-05,2.406216859817505,7.752513920422643e-05,6.8392229080200195,7.759065192658454e-05,2.406216859817505,5.93802547454834,2.4062180519104004,2.048892860928575e-10,7.759044703729845e-05,0.9251126346528792,0.9999983270986408,0.9468199262603414,0.9999983270986408,0.855030296230442,0.9999983256885542,0.9468199262603414,0.8699889738641846,0.9468198987457241,0.9999999999955749,3868.54544095695
orientation_batch_06,datasets/synthetic_orientation_512/orientation_batch_06.png,0.15,5.0,176.0,4.0,176.0,4.0,raw,1.0,1.0,122.59489440917969,122.59489440917969,0.0,False,nan,nan,0.0,0.0,258.524658203125,0.0,176.0,4.0,1.0,4.0,1.0,239.0565948486328,0.0,43.75934118305512,0.9993106917056878,22.223424439096668,0.9040876510990268,3.460130214691162,0.00011322311911499128,2.1640803813934326,0.00011322311911499128,6.937882423400879,2.578005790710449,2.1640803813934326,6.25545597076416,3.401744842529297,2.350335121154785,0.22767066955566406,0.9282590281279691,0.9999976824229183,0.9546696887001115,0.9999976824229183,0.861576141061036,0.9487483418638275,0.9546696887001115,0.87187775444551,0.9305150503668091,0.9540211626572928,3847.21365198493
orientation_batch_06,datasets/synthetic_orientation_512/orientation_batch_06.png,0.15,10.0,171.0,9.0,171.0,9.0,raw,1.0,1.0,138.97998046875,138.97998046875,0.0,False,nan,nan,0.0,0.0,258.524658203125,0.0,170.0,10.0,0.0,10.0,0.0,241.6461181640625,0.0,43.75934118305512,0.9993106917056878,22.046166234875308,0.8990307962152135,3.460130214691162,0.00011322311911499128,2.1640803813934326,0.00011322311911499128,7.366542816162109,3.610860824584961,2.1640803813934326,6.521589279174805,3.9176082611083984,3.162635326385498,0.4482254981994629,0.9282590281279691,0.9999976824229183,0.9546696887001115,0.9999976824229183,0.8524251703967106,0.9270529145225704,0.9546696887001115,0.8662509385773265,0.9193308285595059,0.9374602117035008,3891.010692343116
orientation_batch_06,datasets/synthetic_orientation_512/orientation_batch_06.png,0.15,15.0,166.0,14.0,166.0,14.0,raw,1.0,1.0,107.1732406616211,107.1732406616211,0.0,False,nan,nan,0.0,0.0,258.524658203125,0.0,166.0,14.0,1.0,14.0,1.0,241.6018524169922,0.0,43.75934118305512,0.9993106917056878,21.675925078443456,0.8898054289672901,3.460130214691162,0.00011322311911499128,2.1640803813934326,0.00011322311911499128,8.201343536376953,4.395152568817139,2.1640803813934326,7.489684104919434,4.673352241516113,3.507354259490967,0.8877983093261719,0.9282590281279691,0.9999976824229183,0.9546696887001115,0.9999976824229183,0.8339134353571149,0.910527506954989,0.9546696887001115,0.8452810422994944,0.9030012171213121,0.9301484684106163,3847.6331625133753
orientation_batch_06,datasets/synthetic_orientation_512/orientation_batch_06.png,0.15,30.0,151.0,29.0,151.0,29.0,raw,1.0,1.0,86.06543731689453,86.06543731689453,0.0,False,nan,nan,0.0,0.0,258.524658203125,0.0,150.0,30.0,0.0,30.0,0.0,236.5469970703125,0.0,43.75934118305512,0.9993106917056878,20.215140381774518,0.8486843634507792,3.460130214691162,0.00011322311911499128,2.1640803813934326,0.00011322311911499128,10.447244644165039,7.033971309661865,2.1640803813934326,9.765138626098633,7.112825870513916,5.924457550048828,1.109513759613037,0.9282590281279691,0.9999976824229183,0.9546696887001115,0.9999976824229183,0.7849786447135088,0.8547569448696819,0.9546696887001115,0.7953282865996287,0.8503382139588894,0.879624096500796,3774.5805345475674
orientation_batch_06,datasets/synthetic_orientation_512/orientation_batch_06.png,0.15,45.0,136.0,44.0,136.0,44.0,raw,1.0,1.0,108.58368682861328,108.58368682861328,0.0,False,nan,nan,0.0,0.0,258.524658203125,0.0,135.0,45.0,0.0,45.0,0.0,241.42347717285156,0.0,43.75934118305512,0.9993106917056878,19.93271531720361,0.836986555777172,3.460130214691162,0.00011322311911499128,2.1640803813934326,0.00011322311911499128,9.502470970153809,6.597548007965088,2.1640803813934326,8.923429489135742,6.565347194671631,5.633878707885742,0.9636693000793457,0.9282590281279691,0.9999976824229183,0.9546696887001115,0.9999976824229183,0.8067827940099077,0.86697980420278,0.9546696887001115,0.8144653926090167,0.8640846273420743,0.8879179140227654,3876.1053569614887
orientation_batch_06,datasets/synthetic_orientation_512/orientation_batch_06.png,0.15,60.0,121.00000000000001,58.999999999999986,121.00000000000001,58.999999999999986,raw,1.0000000000000142,1.0000000000000142,80.05056762695312,80.05056762695312,0.0,False,nan,nan,0.0,0.0,258.524658203125,0.0,120.0,60.0,0.0,60.0,0.0,232.28390502929688,0.0,43.75934118305512,0.9993106917056878,20.070061983418572,0.8442064198924778,3.460130214691162,0.00011322311911499128,2.1640803813934326,0.00011322311911499128,9.63178825378418,6.566085338592529,2.1640803813934326,8.878161430358887,6.435025215148926,5.4158525466918945,1.1502327919006348,0.9282590281279691,0.9999976824229183,0.9546696887001115,0.9999976824229183,0.802826547416556,0.8653542578405637,0.9546696887001115,0.8142367318291559,0.8653240529177231,0.8909494719621209,3882.1326177567244
orientation_batch_06,datasets/synthetic_orientation_512/orientation_batch_06.png,0.15,75.0,106.0,74.0,106.0,74.0,raw,1.0,1.0,138.7979736328125,138.7979736328125,0.0,False,nan,nan,0.0,0.0,258.524658203125,0.0,105.0,75.0,0.0,75.0,0.0,238.52841186523438,0.0,43.75934118305512,0.9993106917056878,21.162359241809728,0.876170807794741,3.460130214691162,0.00011322311911499128,2.1640803813934326,0.00011322311911499128,8.537470817565918,4.637528419494629,2.1640803813934326,7.3086323738098145,4.779989242553711,3.85418701171875,0.7833414077758789,0.9282590281279691,0.9999976824229183,0.9546696887001115,0.9999976824229183,0.8266118826566775,0.9057318341033602,0.9546696887001115,0.84759788743153,0.900587672925285,0.9232440763357033,3887.5824250280857
orientation_batch_06,datasets/synthetic_orientation_512/orientation_batch_06.png,0.15,90.0,91.0,89.0,91.0,89.0,raw,1.0,1.0,167.17674255371094,167.17674255371094,0.0,False,nan,nan,0.0,0.0,258.524658203125,0.0,90.0,90.0,0.0,90.0,0.0,258.5245056152344,0.0,43.75934118305512,0.9993106917056878,21.97624752471676,0.8993160885831283,3.460130214691162,0.00011322311911499128,2.1640803813934326,0.00011322311911499128,6.914278984069824,0.00011314071889501065,2.1640803813934326,5.833283424377441,2.1640799045562744,2.940002685747345e-10,0.00011314042489474208,0.9282590281279691,0.9999976824229183,0.9546696887001115,0.9999976824229183,0.8591853044605714,0.9999976841130183,0.9546696887001115,0.8779580304690682,0.9546696975709708,0.9999999999939789,3927.688140422106
orientation_batch_06,datasets/synthetic_orientation_512/orientation_batch_06.png,0.15,120.0,61.0,119.0,61.0,119.0,raw,1.0,1.0,86.06544494628906,86.06544494628906,0.0,False,nan,nan,0.0,0.0,258.524658203125,0.0,60.0,120.0,0.0,120.0,0.0,236.5469207763672,0.0,43.75934118305512,0.9993106917056878,20.215140381774518,0.8486843634507792,3.460130214691162,0.00011322311911499128,2.1640803813934326,0.00011322311911499128,10.447244644165039,7.033971309661865,2.1640803813934326,9.765138626098633,7.112825870513916,5.924457550048828,1.109513759613037,0.9282590281279691,0.9999976824229183,0.9546696887001115,0.9999976824229183,0.7849786447135088,0.8547569448696819,0.9546696887001115,0.7953282865996287,0.8503382139588894,0.879624096500796,3883.052222430706
orientation_batch_06,datasets/synthetic_orientation_512/orientation_batch_06.png,0.15,150.0,31.0,149.0,31.0,149.0,raw,1.0,1.0,80.05068969726562,80.05068969726562,0.0,False,nan,nan,0.0,0.0,258.524658203125,0.0,30.0,150.0,0.0,150.0,0.0,232.2838134765625,0.0,43.75934118305512,0.9993106917056878,20.070061983418572,0.8442064198924778,3.460130214691162,0.00011322311911499128,2.1640803813934326,0.00011322311911499128,9.63178825378418,6.566085338592529,2.1640803813934326,8.878161430358887,6.435025215148926,5.4158525466918945,1.1502327919006348,0.9282590281279691,0.9999976824229183,0.9546696887001115,0.9999976824229183,0.802826547416556,0.8653542578405637,0.9546696887001115,0.8142367318291559,0.8653240529177231,0.8909494719621209,3856.6809315234423
orientation_batch_06,datasets/synthetic_orientation_512/orientation_batch_06.png,0.15,180.0,1.0,179.0,1.0,179.0,raw,1.0,1.0,167.17677307128906,167.17677307128906,0.0,False,nan,nan,0.0,0.0,258.524658203125,0.0,0.0,0.0,0.0,0.0,0.0,258.524658203125,0.0,43.75934118305512,0.9993106917056878,21.97624752471676,0.8993160885831283,3.460130214691162,0.00011322311911499128,2.1640803813934326,0.00011322311911499128,6.914278984069824,0.00011314071889501065,2.1640803813934326,5.833283424377441,2.1640799045562744,2.940002685747345e-10,0.00011314042489474208,0.9282590281279691,0.9999976824229183,0.9546696887001115,0.9999976824229183,0.8591853044605714,0.9999976841130183,0.9546696887001115,0.8779580304690682,0.9546696975709708,0.9999999999939789,3844.273356720805
orientation_batch_07,datasets/synthetic_orientation_512/orientation_batch_07.png,0.15,5.0,176.0,4.0,176.0,4.0,raw,1.0,1.0,137.8651123046875,137.8651123046875,0.0,False,nan,nan,0.0,0.0,258.4800720214844,0.0,176.0,4.0,1.0,4.0,1.0,239.2179412841797,0.0,43.12877055082911,0.9991723263347684,21.982766506216265,0.8898685194297239,3.5021963119506836,0.00017896424105856568,2.3119611740112305,0.00017896424105856568,7.2387189865112305,2.668323040008545,2.3119611740112305,6.465576171875,3.279806137084961,2.039424180984497,0.6288988590240479,0.9238344846595967,0.9999961440662609,0.9489727351133493,0.9999961440662609,0.8490307104267325,0.9442484350969199,0.9489727351133493,0.8613991744942578,0.9294318495554531,0.9581335005266229,3897.0276080071926
orientation_batch_07,datasets/synthetic_orientation_512/orientation_batch_07.png,0.15,10.0,171.0,9.0,171.0,9.0,raw,1.0,1.0,150.37704467773438,150.37704467773438,0.0,False,nan,nan,0.0,0.0,258.4800720214844,0.0,171.0,9.0,1.0,9.0,1.0,238.27163696289062,0.0,43.12877055082911,0.9991723263347684,21.518598728553876,0.8760589428386738,3.5021963119506836,0.00017896424105856568,2.3119611740112305,0.00017896424105856568,7.647054672241211,3.9108505249023438,2.3119611740112305,7.012775421142578,4.190398216247559,3.394923448562622,0.5159270763397217,0.9238344846595967,0.9999961440662609,0.9489727351133493,0.9999961440662609,0.8392419567553552,0.9168990766421257,0.9489727351133493,0.848980620826608,0.909111102203914,0.9292870053446625,3876.304615288973
orientation_batch_07,datasets/synthetic_orientation_512/orientation_batch_07.png,0.15,15.0,166.0,14.0,166.0,14.0,raw,1.0,1.0,112.47516632080078,112.47516632080078,0.0,False,nan,nan,0.0,0.0,258.4800720214844,0.0,165.0,15.0,0.0,15.0,0.0,243.0916748046875,0.0,43.12877055082911,0.9991723263347684,20.918338678071592,0.8582190138954401,3.5021963119506836,0.00017896424105856568,2.3119611740112305,0.00017896424105856568,8.231767654418945,5.091704368591309,2.3119611740112305,7.5370001792907715,5.336421489715576,4.366708755493164,0.7249956130981445,0.9238344846595967,0.9999961440662609,0.9489727351133493,0.9999961440662609,0.8253679517590644,0.891006823807523,0.9489727351133493,0.8364008040692219,0.8832546264397207,0.9083716151230454,3961.829589679837
orientation_batch_07,datasets/synthetic_orientation_512/orientation_batch_07.png,0.15,30.0,150.0,30.0,150.0,30.0,raw,0.0,0.0,98.74352264404297,98.74352264404297,0.0,False,nan,nan,0.0,0.0,258.4800720214844,0.0,150.0,30.0,0.0,30.0,0.0,225.77935791015625,0.0,43.12877055082911,0.9991723263347684,21.4421888648206,0.8769110112756132,3.5021963119506836,0.00017896424105856568,2.3119611740112305,0.00017896424105856568,7.028784275054932,7.02878475189209,2.3119611740112305,7.103859901428223,7.103858947753906,5.832025051116943,1.1967597007751465,0.9238344846595967,0.9999961440662609,0.9489727351133493,0.9999961440662609,0.8478134836064805,0.8478134834680682,0.9489727351133493,0.8429469332421925,0.8429469460517558,0.8755861403706696,3895.726615563035
orientation_batch_07,datasets/synthetic_orientation_512/orientation_batch_07.png,0.15,45.0,136.0,44.0,136.0,44.0,raw,1.0,1.0,104.13847351074219,104.13847351074219,0.0,False,nan,nan,0.0,0.0,258.4800720214844,0.0,135.0,45.0,0.0,45.0,0.0,231.28872680664062,0.0,43.12877055082911,0.9991723263347684,19.455754630012645,0.8016807987084386,3.5021963119506836,0.00017896424105856568,2.3119611740112305,0.00017896424105856568,9.610776901245117,6.9024658203125,2.3119611740112305,8.860942840576172,6.59678840637207,5.535888671875,1.3665771484375,0.9238344846595967,0.9999961440662609,0.9489727351133493,0.9999961440662609,0.7956733101167706,0.8547677071043076,0.9489727351133493,0.8070639926142086,0.8570940152244972,0.88443160729102,3933.6955938488245
orientation_batch_07,datasets/synthetic_orientation_512/orientation_batch_07.png,0.15,60.0,121.00000000000001,58.999999999999986,121.00000000000001,58.999999999999986,raw,1.0000000000000142,1.0000000000000142,89.50884246826172,89.50884246826172,0.0,False,nan,nan,0.0,0.0,258.4800720214844,0.0,120.0,60.0,0.0,60.0,0.0,224.9671630859375,0.0,43.12877055082911,0.9991723263347684,19.58624489050536,0.8091941091894475,3.5021963119506836,0.00017896424105856568,2.3119611740112305,0.00017896424105856568,10.135153770446777,6.787782669067383,2.3119611740112305,9.26867961883545,6.7601213455200195,5.54572868347168,1.2420539855957031,0.9238344846595967,0.9999961440662609,0.9489727351133493,0.9999961440662609,0.7835182581159384,0.854379803454136,0.9489727351133493,0.7967281063692773,0.8514651410079797,0.8827035552662702,3815.8171828836203
orientation_batch_07,datasets/synthetic_orientation_512/orientation_batch_07.png,0.15,75.0,106.0,74.0,106.0,74.0,raw,1.0,1.0,146.2232666015625,146.2232666015625,0.0,False,nan,nan,0.0,0.0,258.4800720214844,0.0,105.0,75.0,0.0,75.0,0.0,242.83595275878906,0.0,43.12877055082911,0.9991723263347684,20.34313516043035,0.8386594422227756,3.5021963119506836,0.00017896424105856568,2.3119611740112305,0.00017896424105856568,8.981681823730469,4.966337203979492,2.3119611740112305,8.153944969177246,4.9019622802734375,3.8551418781280518,1.1111953258514404,0.9238344846595967,0.9999961440662609,0.9489727351133493,0.9999961440662609,0.8093385081954034,0.8938130870490872,0.9489727351133493,0.8223969150763561,0.8926360099302179,0.919207509525877,3835.402248427272
orientation_batch_07,datasets/synthetic_orientation_512/orientation_batch_07.png,0.15,90.0,91.0,89.0,91.0,89.0,raw,1.0,1.0,186.83987426757812,186.83987426757812,0.0,False,nan,nan,0.0,0.0,258.4800720214844,0.0,90.0,90.0,0.0,90.0,0.0,258.4799499511719,0.0,43.12877055082911,0.9991723263347684,21.7568794844659,0.8860683239619326,3.5021963119506836,0.00017896424105856568,2.3119611740112305,0.00017896424105856568,7.2251081466674805,0.00017822184599936008,2.3119611740112305,6.390390396118164,2.311962127685547,7.353428976841769e-10,0.0001782211106564624,0.9238344846595967,0.9999961440662609,0.9489727351133493,0.9999961440662609,0.8464432023789766,0.9999961600592298,0.9489727351133493,0.8601578237146046,0.9489727169183729,0.9999999999841567,3879.7368686646223
orientation_batch_07,datasets/synthetic_orientation_512/orientation_batch_07.png,0.15,120.0,60.0,120.0,60.0,120.0,raw,0.0,0.0,98.74365234375,98.74365234375,0.0,False,nan,nan,0.0,0.0,258.4800720214844,0.0,60.0,120.0,0.0,120.0,0.0,225.7791290283203,0.0,43.12877055082911,0.9991723263347684,21.4421888648206,0.8769110112756132,3.5021963119506836,0.00017896424105856568,2.3119611740112305,0.00017896424105856568,7.028784275054932,7.02878475189209,2.3119611740112305,7.103859901428223,7.103858947753906,5.832025051116943,1.1967597007751465,0.9238344846595967,0.9999961440662609,0.9489727351133493,0.9999961440662609,0.8478134836064805,0.8478134834680682,0.9489727351133493,0.8429469332421925,0.8429469460517558,0.8755861403706696,3888.592490926385
orientation_batch_07,datasets/synthetic_orientation_512/orientation_batch_07.png,0.15,150.0,31.0,149.0,31.0,149.0,raw,1.0,1.0,89.5090560913086,89.5090560913086,0.0,False,nan,nan,0.0,0.0,258.4800720214844,0.0,30.0,150.0,0.0,150.0,0.0,224.96697998046875,0.0,43.12877055082911,0.9991723263347684,19.58624489050536,0.8091941091894475,3.5021963119506836,0.00017896424105856568,2.3119611740112305,0.00017896424105856568,10.135153770446777,6.787782669067383,2.3119611740112305,9.26867961883545,6.7601213455200195,5.545732021331787,1.2420506477355957,0.9238344846595967,0.9999961440662609,0.9489727351133493,0.9999961440662609,0.7835182581159384,0.854379803454136,0.9489727351133493,0.7967281063692773,0.8514651410079797,0.8827034724435572,3863.938219845295
orientation_batch_07,datasets/synthetic_orientation_512/orientation_batch_07.png,0.15,180.0,1.0,179.0,1.0,179.0,raw,1.0,1.0,186.8399658203125,186.8399658203125,0.0,False,nan,nan,0.0,0.0,258.4800720214844,0.0,0.0,0.0,0.0,0.0,0.0,258.4800720214844,0.0,43.12877055082911,0.9991723263347684,21.7568794844659,0.8860683239619326,3.5021963119506836,0.00017896424105856568,2.3119611740112305,0.00017896424105856568,7.2251081466674805,0.00017822184599936008,2.3119611740112305,6.390390396118164,2.311962127685547,7.353428976841769e-10,0.0001782211106564624,0.9238344846595967,0.9999961440662609,0.9489727351133493,0.9999961440662609,0.8464432023789766,0.9999961600592298,0.9489727351133493,0.8601578237146046,0.9489727169183729,0.9999999999841567,3842.278193682432
orientation_batch_08,datasets/synthetic_orientation_512/orientation_batch_08.png,0.15,5.0,176.0,4.0,176.0,4.0,raw,1.0,1.0,131.99453735351562,131.99453735351562,0.0,False,nan,nan,0.0,0.0,258.12774658203125,0.0,175.0,5.0,0.0,5.0,0.0,243.9644317626953,0.0,43.611468142860645,0.9992435660693548,21.196581547425488,0.8645714734573641,0.43948400020599365,2.1057237972854637e-05,0.3014679253101349,2.1057237972854637e-05,6.840814590454102,2.1292386054992676,0.3014679253101349,6.720249176025391,2.2337331771850586,1.996492624282837,0.13274598121643066,0.9898964328120484,0.9999995197636707,0.9931359921914958,0.9999995197636707,0.8446831417572734,0.9520646267345794,0.9931359921914958,0.8460048124173545,0.9489067625819347,0.9553470057446691,3954.679995775223
orientation_batch_08,datasets/synthetic_orientation_512/orientation_batch_08.png,0.15,10.0,171.0,9.0,171.0,9.0,raw,1.0,1.0,145.33787536621094,145.33787536621094,0.0,False,nan,nan,0.0,0.0,258.12774658203125,0.0,170.0,10.0,0.0,10.0,0.0,239.49012756347656,0.0,43.611468142860645,0.9992435660693548,20.90494761934837,0.8549189064713029,0.43948400020599365,2.1057237972854637e-05,0.3014679253101349,2.1057237972854637e-05,7.614583492279053,2.8614907264709473,0.3014679253101349,7.500892639160156,3.047368049621582,2.7741336822509766,0.0873570442199707,0.9898964328120484,0.9999995197636707,0.9931359921914958,0.9999995197636707,0.8268116132155888,0.9352152592682585,0.9931359921914958,0.8278571940494384,0.9300022129400589,0.9376458428578425,3934.498695656657
orientation_batch_08,datasets/synthetic_orientation_512/orientation_batch_08.png,0.15,15.0,166.0,14.0,166.0,14.0,raw,1.0,1.0,112.55867767333984,112.55867767333984,0.0,False,nan,nan,0.0,0.0,258.12774658203125,0.0,165.0,15.0,0.0,15.0,0.0,240.4098358154297,0.0,43.611468142860645,0.9992435660693548,20.482407951340846,0.8411522702346637,0.43948400020599365,2.1057237972854637e-05,0.3014679253101349,2.1057237972854637e-05,8.420198440551758,4.163458824157715,0.3014679253101349,8.285428047180176,4.307422637939453,4.062524795532227,0.10093402862548828,0.9898964328120484,0.9999995197636707,0.9931359921914958,0.9999995197636707,0.8084707901466726,0.9051262025262965,0.9931359921914958,0.8100578330728726,0.9007426854901586,0.908171354753104,3829.1059378534555
orientation_batch_08,datasets/synthetic_orientation_512/orientation_batch_08.png,0.15,30.0,150.0,30.0,150.0,30.0,raw,0.0,0.0,86.71849822998047,86.71849822998047,0.0,False,nan,nan,0.0,0.0,258.12774658203125,0.0,150.0,30.0,0.0,30.0,0.0,227.62498474121094,0.0,43.611468142860645,0.9992435660693548,21.923259509815765,0.8904174415794234,0.43948400020599365,2.1057237972854637e-05,0.3014679253101349,2.1057237972854637e-05,6.019118309020996,6.01911735534668,0.3014679253101349,6.1534318923950195,6.1534318923950195,5.917346000671387,0.10177135467529297,0.9898964328120484,0.9999995197636707,0.9931359921914958,0.9999995197636707,0.8615384891532631,0.8615385079311833,0.9931359921914958,0.8570451597125658,0.857045153416162,0.8651773348158789,3834.627903997898
orientation_batch_08,datasets/synthetic_orientation_512/orientation_batch_08.png,0.15,45.0,136.0,44.0,136.0,44.0,raw,1.0,1.0,103.09053039550781,103.09053039550781,0.0,False,nan,nan,0.0,0.0,258.12774658203125,0.0,135.0,45.0,0.0,45.0,0.0,240.1115264892578,0.0,43.611468142860645,0.9992435660693548,19.344613396311107,0.7995820920373823,0.43948400020599365,2.1057237972854637e-05,0.3014679253101349,2.1057237972854637e-05,9.545738220214844,5.766777038574219,0.3014679253101349,9.479605674743652,5.8241472244262695,5.525069236755371,0.24170780181884766,0.9898964328120484,0.9999995197636707,0.9931359921914958,0.9999995197636707,0.7819626975833387,0.8691810266528561,0.9931359921914958,0.7817144371736309,0.8663811144910825,0.8756006686910774,3908.0731961876154
orientation_batch_08,datasets/synthetic_orientation_512/orientation_batch_08.png,0.15,60.0,121.00000000000001,58.999999999999986,121.00000000000001,58.999999999999986,raw,1.0000000000000142,1.0000000000000142,78.85298919677734,78.85298919677734,0.0,False,nan,nan,0.0,0.0,258.12774658203125,0.0,120.0,60.0,0.0,60.0,0.0,229.46292114257812,0.0,43.611468142860645,0.9992435660693548,19.458855865673073,0.8065924346173533,0.43948400020599365,2.1057237972854637e-05,0.3014679253101349,2.1057237972854637e-05,9.592824935913086,6.32450008392334,0.3014679253101349,9.428979873657227,6.374563217163086,6.127755165100098,0.1967449188232422,0.9898964328120484,0.9999995197636707,0.9931359921914958,0.9999995197636707,0.7800213454266042,0.8547814380898369,0.9931359921914958,0.7820023682181036,0.8520955555569504,0.86047015455723,3901.145964860916
orientation_batch_08,datasets/synthetic_orientation_512/orientation_batch_08.png,0.15,75.0,106.0,74.0,106.0,74.0,raw,1.0,1.0,135.80441284179688,135.80441284179688,0.0,False,nan,nan,0.0,0.0,258.12774658203125,0.0,105.0,75.0,0.0,75.0,0.0,240.4236602783203,0.0,43.611468142860645,0.9992435660693548,20.128605093534002,0.8294356973601417,0.43948400020599365,2.1057237972854637e-05,0.3014679253101349,2.1057237972854637e-05,8.255983352661133,3.942943572998047,0.3014679253101349,8.080682754516602,4.045709609985352,3.7114715576171875,0.23147201538085938,0.9898964328120484,0.9999995197636707,0.9931359921914958,0.9999995197636707,0.8117494607081203,0.9100946446206886,0.9931359921914958,0.8138048839022729,0.9067371350008201,0.916004181518034,3928.1766805797815
orientation_batch_08,datasets/synthetic_orientation_512/orientation_batch_08.png,0.15,90.0,91.0,89.0,91.0,89.0,raw,1.0,1.0,171.4255828857422,171.4255828857422,0.0,False,nan,nan,0.0,0.0,258.12774658203125,0.0,90.0,90.0,0.0,90.0,0.0,258.1275939941406,0.0,43.611468142860645,0.9992435660693548,21.079471283665065,0.8639135310142754,0.43948400020599365,2.1057237972854637e-05,0.3014679253101349,2.1057237972854637e-05,6.414228439331055,2.106365172949154e-05,0.3014679253101349,6.383950233459473,0.3014671206474304,8.748746518905115e-12,2.106364298074502e-05,0.9898964328120484,0.9999995197636707,0.9931359921914958,0.9999995197636707,0.8535009444744411,0.9999995196208958,0.9931359921914958,0.8525541269421004,0.9931360096782859,0.9999999999998065,3961.1042328178883
orientation_batch_08,datasets/synthetic_orientation_512/orientation_batch_08.png,0.15,120.0,60.0,120.0,60.0,120.0,raw,0.0,0.0,86.71871948242188,86.71871948242188,0.0,False,nan,nan,0.0,0.0,258.12774658203125,0.0,60.0,120.0,0.0,120.0,0.0,227.62484741210938,0.0,43.611468142860645,0.9992435660693548,21.923259509815765,0.8904174415794234,0.43948400020599365,2.1057237972854637e-05,0.3014679253101349,2.1057237972854637e-05,6.019118309020996,6.01911735534668,0.3014679253101349,6.1534318923950195,6.1534318923950195,5.917346000671387,0.10177135467529297,0.9898964328120484,0.9999995197636707,0.9931359921914958,0.9999995197636707,0.8615384891532631,0.8615385079311833,0.9931359921914958,0.8570451597125658,0.857045153416162,0.8651773453295075,3902.682948857546
orientation_batch_08,datasets/synthetic_orientation_512/orientation_batch_08.png,0.15,150.0,31.0,149.0,31.0,149.0,raw,1.0,1.0,78.85301971435547,78.85301971435547,0.0,False,nan,nan,0.0,0.0,258.12774658203125,0.0,30.0,150.0,0.0,150.0,0.0,229.46286010742188,0.0,43.611468142860645,0.9992435660693548,19.458855865673073,0.8065924346173533,0.43948400020599365,2.1057237972854637e-05,0.3014679253101349,2.1057237972854637e-05,9.592824935913086,6.32450008392334,0.3014679253101349,9.428979873657227,6.374563217163086,6.1277546882629395,0.1967453956604004,0.9898964328120484,0.9999995197636707,0.9931359921914958,0.9999995197636707,0.7800213454266042,0.8547814380898369,0.9931359921914958,0.7820023682181036,0.8520955555569504,0.8604701530221531,3840.0052189826965
orientation_batch_08,datasets/synthetic_orientation_512/orientation_batch_08.png,0.15,180.0,1.0,179.0,1.0,179.0,raw,1.0,1.0,171.4255828857422,171.4255828857422,0.0,False,nan,nan,0.0,0.0,258.12774658203125,0.0,0.0,0.0,0.0,0.0,0.0,258.12774658203125,0.0,43.611468142860645,0.9992435660693548,21.079471283665065,0.8639135310142754,0.43948400020599365,2.1057237972854637e-05,0.3014679253101349,2.1057237972854637e-05,6.414228439331055,2.106365172949154e-05,0.3014679253101349,6.383950233459473,0.3014671206474304,8.748746518905115e-12,2.106364298074502e-05,0.9898964328120484,0.9999995197636707,0.9931359921914958,0.9999995197636707,0.8535009444744411,0.9999995196208958,0.9931359921914958,0.8525541269421004,0.9931360096782859,0.9999999999998065,3867.485908791423
orientation_batch_09,datasets/synthetic_orientation_512/orientation_batch_09.png,0.15,5.0,176.0,4.0,176.0,4.0,raw,1.0,1.0,127.87811279296875,127.87811279296875,0.0,False,nan,nan,0.0,0.0,258.7218322753906,0.0,175.0,5.0,0.0,5.0,0.0,242.7373046875,0.0,43.43054130582068,0.9993426980255745,22.085017538965115,0.9082392397501261,3.600051164627075,9.794276411412284e-05,2.3184890747070312,9.794276411412284e-05,6.998257637023926,2.380688190460205,2.3184890747070312,6.4917802810668945,3.0911619663238525,2.011630058288574,0.36905813217163086,0.9252625845504752,0.999997995036047,0.9513782611496003,0.999997995036047,0.8604169993038581,0.9525505002216458,0.9513782611496003,0.8669200278711591,0.9366654768532563,0.9607051547345081,3948.982145637274
orientation_batch_09,datasets/synthetic_orientation_512/orientation_batch_09.png,0.15,10.0,171.0,9.0,171.0,9.0,raw,1.0,1.0,143.0745086669922,143.0745086669922,0.0,False,nan,nan,0.0,0.0,258.7218322753906,0.0,170.0,10.0,0.0,10.0,0.0,242.18978881835938,0.0,43.43054130582068,0.9993426980255745,21.837593451324754,0.9019832894833805,3.600051164627075,9.794276411412284e-05,2.3184890747070312,9.794276411412284e-05,7.739224433898926,3.8161404132843018,2.3184890747070312,6.9758429527282715,4.276952743530273,2.9678499698638916,0.8482904434204102,0.9252625845504752,0.999997995036047,0.9513782611496003,0.999997995036047,0.844615473133984,0.9229316733385797,0.9513782611496003,0.8564944792569551,0.9116744271061386,0.9413283745624991,3843.0151231586933
orientation_batch_09,datasets/synthetic_orientation_512/orientation_batch_09.png,0.15,15.0,166.0,14.0,166.0,14.0,raw,1.0,1.0,110.03297424316406,110.03297424316406,0.0,False,nan,nan,0.0,0.0,258.7218322753906,0.0,165.0,15.0,0.0,15.0,0.0,241.77833557128906,0.0,43.43054130582068,0.9993426980255745,21.432304798721468,0.8918212568414242,3.600051164627075,9.794276411412284e-05,2.3184890747070312,9.794276411412284e-05,8.293893814086914,4.590475082397461,2.3184890747070312,7.586091041564941,4.8962788581848145,3.624394655227661,0.9660804271697998,0.9252625845504752,0.999997995036047,0.9513782611496003,0.999997995036047,0.8315484539423758,0.9065238487808233,0.9513782611496003,0.8427593062867738,0.8980921394183055,0.927716895662036,3796.112436801195
orientation_batch_09,datasets/synthetic_orientation_512/orientation_batch_09.png,0.15,30.0,151.0,29.0,151.0,29.0,raw,1.0,1.0,91.41602325439453,91.41602325439453,0.0,False,nan,nan,0.0,0.0,258.7218322753906,0.0,150.0,30.0,0.0,30.0,0.0,230.22332763671875,0.0,43.43054130582068,0.9993426980255745,20.003858415348294,0.8511081559294208,3.600051164627075,9.794276411412284e-05,2.3184890747070312,9.794276411412284e-05,10.802928924560547,7.269199371337891,2.3184890747070312,10.284538269042969,7.3810906410217285,5.99440336227417,1.2747960090637207,0.9252625845504752,0.999997995036047,0.9513782611496003,0.999997995036047,0.7776710329759526,0.8499531440941696,0.9513782611496003,0.7843036000760326,0.8443835421302684,0.8779532371208099,3881.104201078415
orientation_batch_09,datasets/synthetic_orientation_512/orientation_batch_09.png,0.15,45.0,136.0,44.0,136.0,44.0,raw,1.0,1.0,113.30809783935547,113.30809783935547,0.0,False,nan,nan,0.0,0.0,258.7218322753906,0.0,135.0,45.0,0.0,45.0,0.0,233.27774047851562,0.0,43.43054130582068,0.9993426980255745,19.60682002455549,0.8367815790295158,3.600051164627075,9.794276411412284e-05,2.3184890747070312,9.794276411412284e-05,10.212997436523438,7.052140235900879,2.3184890747070312,9.516072273254395,6.893633842468262,6.011768817901611,1.0403714179992676,0.9252625845504752,0.999997995036047,0.9513782611496003,0.999997995036047,0.7920876428238279,0.8580360669295077,0.9513782611496003,0.8015750670346287,0.8572598133538538,0.8803728954966523,3886.2156439572573
orientation_batch_09,datasets/synthetic_orientation_512/orientation_batch_09.png,0.15,60.0,121.00000000000001,58.999999999999986,121.00000000000001,58.999999999999986,raw,1.0000000000000142,1.0000000000000142,95.45098114013672,95.45098114013672,0.0,False,nan,nan,0.0,0.0,258.7218322753906,0.0,120.0,60.0,0.0,60.0,0.0,227.56019592285156,0.0,43.43054130582068,0.9993426980255745,19.66440046176598,0.8409140310090821,3.600051164627075,9.794276411412284e-05,2.3184890747070312,9.794276411412284e-05,9.905343055725098,6.912633895874023,2.3184890747070312,9.31811237335205,6.77340030670166,5.637218475341797,1.2754154205322266,0.9252625845504752,0.999997995036047,0.9513782611496003,0.999997995036047,0.79697915799463,0.858230079585635,0.9513782611496003,0.8047552086335511,0.8576396131870688,0.8862939854857026,3996.134353801608
orientation_batch_09,datasets/synthetic_orientation_512/orientation_batch_09.png,0.15,75.0,106.0,74.0,106.0,74.0,raw,1.0,1.0,137.25599670410156,137.25599670410156,0.0,False,nan,nan,0.0,0.0,258.7218322753906,0.0,105.0,75.0,0.0,75.0,0.0,242.3558807373047,0.0,43.43054130582068,0.9993426980255745,20.790768346035236,0.8749706797092838,3.600051164627075,9.794276411412284e-05,2.3184890747070312,9.794276411412284e-05,9.094910621643066,4.6070427894592285,2.3184890747070312,8.06702995300293,4.8057475090026855,3.955232620239258,0.6518101692199707,0.9252625845504752,0.999997995036047,0.9513782611496003,0.999997995036047,0.8148112209563428,0.9061707451930505,0.9513782611496003,0.831865946423428,0.8996827664181838,0.9210544893787145,3907.881820574403
orientation_batch_09,datasets/synthetic_orientation_512/orientation_batch_09.png,0.15,90.0,91.0,89.0,91.0,89.0,raw,1.0,1.0,182.1600341796875,182.1600341796875,0.0,False,nan,nan,0.0,0.0,258.7218322753906,0.0,90.0,90.0,0.0,90.0,0.0,258.7216796875,0.0,43.43054130582068,0.9993426980255745,21.832428585003353,0.9038321110117762,3.600051164627075,9.794276411412284e-05,2.3184890747070312,9.794276411412284e-05,7.395939350128174,9.786397276911885e-05,2.3184890747070312,6.4802751541137695,2.318488359451294,1.980349773056389e-10,9.786377473414154e-05,0.9252625845504752,0.999997995036047,0.9513782611496003,0.999997995036047,0.8493215517054702,0.9999979966533491,0.9513782611496003,0.864411410052996,0.9513782734178474,0.999999999995946,3832.316879183054
orientation_batch_09,datasets/synthetic_orientation_512/orientation_batch_09.png,0.15,120.0,61.0,119.0,61.0,119.0,raw,1.0,1.0,91.41618347167969,91.41618347167969,0.0,False,nan,nan,0.0,0.0,258.7218322753906,0.0,60.0,120.0,0.0,120.0,0.0,230.22312927246094,0.0,43.43054130582068,0.9993426980255745,20.003858415348294,0.8511081559294208,3.600051164627075,9.794276411412284e-05,2.3184890747070312,9.794276411412284e-05,10.802928924560547,7.269199371337891,2.3184890747070312,10.284538269042969,7.3810906410217285,5.994404315948486,1.2747950553894043,0.9252625845504752,0.999997995036047,0.9513782611496003,0.999997995036047,0.7776710329759526,0.8499531440941696,0.9513782611496003,0.7843036000760326,0.8443835421302684,0.8779532266790372,3810.950307175517
orientation_batch_09,datasets/synthetic_orientation_512/orientation_batch_09.png,0.15,150.0,31.0,149.0,31.0,149.0,raw,1.0,1.0,95.4511489868164,95.4511489868164,0.0,False,nan,nan,0.0,0.0,258.7218322753906,0.0,30.0,150.0,0.0,150.0,0.0,227.56002807617188,0.0,43.43054130582068,0.9993426980255745,19.66440046176598,0.8409140310090821,3.600051164627075,9.794276411412284e-05,2.3184890747070312,9.794276411412284e-05,9.905343055725098,6.912633895874023,2.3184890747070312,9.31811237335205,6.77340030670166,5.6372199058532715,1.275413990020752,0.9252625845504752,0.999997995036047,0.9513782611496003,0.999997995036047,0.79697915799463,0.858230079585635,0.9513782611496003,0.8047552086335511,0.8576396131870688,0.8862939663266528,3879.3136794120073
orientation_batch_09,datasets/synthetic_orientation_512/orientation_batch_09.png,0.15,180.0,1.0,179.0,1.0,179.0,raw,1.0,1.0,182.1601104736328,182.1601104736328,0.0,False,nan,nan,0.0,0.0,258.7218322753906,0.0,0.0,0.0,0.0,0.0,0.0,258.7218322753906,0.0,43.43054130582068,0.9993426980255745,21.832428585003353,0.9038321110117762,3.600051164627075,9.794276411412284e-05,2.3184890747070312,9.794276411412284e-05,7.395939350128174,9.786397276911885e-05,2.3184890747070312,6.4802751541137695,2.318488359451294,1.980349773056389e-10,9.786377473414154e-05,0.9252625845504752,0.999997995036047,0.9513782611496003,0.999997995036047,0.8493215517054702,0.9999979966533491,0.9513782611496003,0.864411410052996,0.9513782734178474,0.999999999995946,3798.401551321149
