image_id,image_path,alpha,rotation_gt_deg,rotation_gt_mod180_deg,rotation_hat_deg,rotation_hat_display_deg,rotation_error_deg,corr_shift_deg,corr_shift_display_deg,corr_shift_full_deg,corr_shift_full_deg_int,peak_refine_delta,corr_period_deg,best_score,top2_score,corr_margin,ambiguity_resolved,candidate_score_0,candidate_score_180,diff_corr_shift_deg,diff_rotation_hat_deg,diff_rotation_error_deg,diff_rot_corr_shift_deg,diff_rot_rotation_hat_deg,diff_rot_rotation_error_deg,theta_gt,raw_theta_shift,theta_attack_hat,theta_hat_raw,theta_hat,angle_sign,angle_error,angle_error_mod180,diff_theta_hat,diff_angle_error,diff_best_score,diff_corr_margin,diff_rot_theta_shift,diff_rot_attack_hat,diff_rot_attack_error,diff_rot_theta_hat,diff_rot_angle_error,diff_rot_best_score,diff_rot_corr_margin,psnr_anchor,ssim_anchor,psnr_clean,ssim_clean,vae_mse_anchor,vae_mse_clean,vae_mse_symmetric,vae_mse_clean_canonical,vae_mse_clean_predcorr,vae_mse_clean_oraclecorr,vae_mse_symmetric_canonical,vae_mse_symmetric_predcorr,vae_mse_symmetric_oraclecorr,vae_mse_roundtrip_oracle,vae_mse_anchor_removed_extra,vae_cos_anchor,vae_cos_clean,vae_cos_symmetric,vae_cos_clean_canonical,vae_cos_clean_predcorr,vae_cos_clean_oraclecorr,vae_cos_symmetric_canonical,vae_cos_symmetric_predcorr,vae_cos_symmetric_oraclecorr,vae_cos_roundtrip_oracle,runtime_ms
orientation_batch_00,datasets/synthetic_orientation_512/orientation_batch_00.png,0.15,5.0,5.0,4.0,4.0,1.0,176.0,-4.0,176.0,176.0,0.0,180.0,175.8726348876953,175.8726348876953,0.0,False,nan,nan,0.0,0.0,0.0,175.0,5.0,0.0,5.0,176.0,4.0,176.0,4.0,raw,1.0,1.0,0.0,0.0,258.4408264160156,0.0,175.0,5.0,0.0,5.0,0.0,256.17962646484375,0.0,46.80889838116799,0.9996652632363161,19.38764584040758,0.817380603114608,nan,nan,nan,nan,nan,nan,nan,nan,nan,nan,nan,nan,nan,nan,nan,nan,nan,nan,nan,nan,nan,692.1204812824726
orientation_batch_00,datasets/synthetic_orientation_512/orientation_batch_00.png,0.15,10.0,10.0,10.0,10.0,0.0,170.0,-10.0,170.0,170.0,0.0,180.0,157.83920288085938,157.83920288085938,0.0,False,nan,nan,0.0,0.0,0.0,171.0,9.0,1.0,10.0,170.0,10.0,170.0,10.0,raw,0.0,0.0,0.0,0.0,258.4408264160156,0.0,171.0,9.0,1.0,9.0,1.0,253.4144287109375,0.0,46.80889838116799,0.9996652632363161,24.855640179674154,0.9470854353665511,nan,nan,nan,nan,nan,nan,nan,nan,nan,nan,nan,nan,nan,nan,nan,nan,nan,nan,nan,nan,nan,480.2915547043085
orientation_batch_00,datasets/synthetic_orientation_512/orientation_batch_00.png,0.15,15.0,15.0,14.0,14.0,1.0,166.0,-14.0,166.0,166.0,0.0,180.0,160.55426025390625,160.55426025390625,0.0,False,nan,nan,0.0,0.0,0.0,165.0,15.0,0.0,15.0,166.0,14.0,166.0,14.0,raw,1.0,1.0,0.0,0.0,258.4408264160156,0.0,165.0,15.0,0.0,15.0,0.0,251.90989685058594,0.0,46.80889838116799,0.9996652632363161,18.920133987196202,0.7973338042133066,nan,nan,nan,nan,nan,nan,nan,nan,nan,nan,nan,nan,nan,nan,nan,nan,nan,nan,nan,nan,nan,507.37759098410606
orientation_batch_00,datasets/synthetic_orientation_512/orientation_batch_00.png,0.15,30.0,30.0,29.0,29.0,1.0,151.0,-29.0,151.0,151.0,0.0,180.0,135.3804931640625,135.3804931640625,0.0,False,nan,nan,0.0,0.0,0.0,150.0,30.0,0.0,30.0,151.0,29.0,151.0,29.0,raw,1.0,1.0,0.0,0.0,258.4408264160156,0.0,150.0,30.0,0.0,30.0,0.0,244.09812927246094,0.0,46.80889838116799,0.9996652632363161,18.108644145479783,0.7654384438022844,nan,nan,nan,nan,nan,nan,nan,nan,nan,nan,nan,nan,nan,nan,nan,nan,nan,nan,nan,nan,nan,475.61725229024887
orientation_batch_00,datasets/synthetic_orientation_512/orientation_batch_00.png,0.15,45.0,45.0,44.0,44.0,1.0,136.0,-44.0,136.0,136.0,0.0,180.0,132.0249481201172,132.0249481201172,0.0,False,nan,nan,0.0,0.0,0.0,135.0,45.0,0.0,45.0,136.0,44.0,136.0,44.0,raw,1.0,1.0,0.0,0.0,258.4408264160156,0.0,135.0,45.0,0.0,45.0,0.0,243.38462829589844,0.0,46.80889838116799,0.9996652632363161,18.07717912997683,0.7617747853713194,nan,nan,nan,nan,nan,nan,nan,nan,nan,nan,nan,nan,nan,nan,nan,nan,nan,nan,nan,nan,nan,457.6932657510042
orientation_batch_00,datasets/synthetic_orientation_512/orientation_batch_00.png,0.15,60.0,60.0,58.999999999999986,59.0,1.0000000000000142,121.00000000000001,-59.0,121.00000000000001,121.00000000000001,0.0,180.0,127.76123809814453,127.76123809814453,0.0,False,nan,nan,0.0,0.0,0.0,120.0,60.0,0.0,60.0,121.00000000000001,58.999999999999986,121.00000000000001,58.999999999999986,raw,1.0000000000000142,1.0000000000000142,0.0,0.0,258.4408264160156,0.0,120.0,60.0,0.0,60.0,0.0,248.25352478027344,0.0,46.80889838116799,0.9996652632363161,18.076839613413647,0.7632824891989501,nan,nan,nan,nan,nan,nan,nan,nan,nan,nan,nan,nan,nan,nan,nan,nan,nan,nan,nan,nan,nan,462.9889205098152
orientation_batch_00,datasets/synthetic_orientation_512/orientation_batch_00.png,0.15,75.0,75.0,75.0,75.0,0.0,105.0,-75.0,105.0,105.0,0.0,180.0,163.4685516357422,163.4685516357422,0.0,False,nan,nan,0.0,0.0,0.0,106.0,74.0,1.0,75.0,105.0,75.0,105.0,75.0,raw,0.0,0.0,0.0,0.0,258.4408264160156,0.0,106.0,74.0,1.0,74.0,1.0,258.96209716796875,0.0,46.80889838116799,0.9996652632363161,23.045804209239897,0.9204940475106644,nan,nan,nan,nan,nan,nan,nan,nan,nan,nan,nan,nan,nan,nan,nan,nan,nan,nan,nan,nan,nan,461.87144331634045
orientation_batch_00,datasets/synthetic_orientation_512/orientation_batch_00.png,0.15,90.0,90.0,89.0,89.0,1.0,91.0,-89.0,91.0,91.0,0.0,180.0,214.7559051513672,214.7559051513672,0.0,False,nan,nan,0.0,0.0,0.0,90.0,90.0,0.0,90.0,91.0,89.0,91.0,89.0,raw,1.0,1.0,0.0,0.0,258.4408264160156,0.0,90.0,90.0,0.0,90.0,0.0,258.44049072265625,0.0,46.80889838116799,0.9996652632363161,19.291966055769873,0.8159164552723891,nan,nan,nan,nan,nan,nan,nan,nan,nan,nan,nan,nan,nan,nan,nan,nan,nan,nan,nan,nan,nan,475.87910294532776
orientation_batch_00,datasets/synthetic_orientation_512/orientation_batch_00.png,0.15,120.0,120.0,119.0,-61.0,1.0,61.0,61.0,61.0,61.0,0.0,180.0,135.38015747070312,135.38015747070312,0.0,False,nan,nan,0.0,0.0,0.0,60.0,120.0,0.0,120.0,61.0,119.0,61.0,119.0,raw,1.0,1.0,0.0,0.0,258.4408264160156,0.0,60.0,120.0,0.0,120.0,0.0,244.09771728515625,0.0,46.80889838116799,0.9996652632363161,18.108644145479783,0.7654384438022844,nan,nan,nan,nan,nan,nan,nan,nan,nan,nan,nan,nan,nan,nan,nan,nan,nan,nan,nan,nan,nan,464.4516073167324
orientation_batch_00,datasets/synthetic_orientation_512/orientation_batch_00.png,0.15,150.0,150.0,149.0,-31.0,1.0,31.0,31.0,31.0,31.0,0.0,180.0,127.76073455810547,127.76073455810547,0.0,False,nan,nan,0.0,0.0,0.0,30.0,150.0,0.0,150.0,31.0,149.0,31.0,149.0,raw,1.0,1.0,0.0,0.0,258.4408264160156,0.0,30.0,150.0,0.0,150.0,0.0,248.2532501220703,0.0,46.80889838116799,0.9996652632363161,18.076839613413647,0.7632824891989501,nan,nan,nan,nan,nan,nan,nan,nan,nan,nan,nan,nan,nan,nan,nan,nan,nan,nan,nan,nan,nan,459.56687070429325
orientation_batch_00,datasets/synthetic_orientation_512/orientation_batch_00.png,0.15,180.0,0.0,179.0,-1.0,1.0,1.0,1.0,1.0,1.0,0.0,180.0,214.75575256347656,214.75575256347656,0.0,False,nan,nan,0.0,0.0,0.0,0.0,0.0,0.0,180.0,1.0,179.0,1.0,179.0,raw,1.0,1.0,0.0,0.0,258.4408264160156,0.0,0.0,0.0,0.0,0.0,0.0,258.4408264160156,0.0,46.80889838116799,0.9996652632363161,19.291966055769873,0.8159164552723891,nan,nan,nan,nan,nan,nan,nan,nan,nan,nan,nan,nan,nan,nan,nan,nan,nan,nan,nan,nan,nan,420.50952836871147
orientation_batch_01,datasets/synthetic_orientation_512/orientation_batch_01.png,0.15,5.0,5.0,5.0,5.0,0.0,175.0,-5.0,175.0,175.0,0.0,180.0,166.99610900878906,166.99610900878906,0.0,False,nan,nan,0.0,0.0,0.0,175.0,5.0,0.0,5.0,175.0,5.0,175.0,5.0,raw,0.0,0.0,0.0,0.0,258.4481201171875,0.0,175.0,5.0,0.0,5.0,0.0,250.35061645507812,0.0,46.68006028468871,0.9996514767369659,27.230286663222714,0.9701379324926386,nan,nan,nan,nan,nan,nan,nan,nan,nan,nan,nan,nan,nan,nan,nan,nan,nan,nan,nan,nan,nan,664.0003435313702
orientation_batch_01,datasets/synthetic_orientation_512/orientation_batch_01.png,0.15,10.0,10.0,9.0,9.0,1.0,171.0,-9.0,171.0,171.0,0.0,180.0,159.97543334960938,159.97543334960938,0.0,False,nan,nan,0.0,0.0,0.0,170.0,10.0,0.0,10.0,171.0,9.0,171.0,9.0,raw,1.0,1.0,0.0,0.0,258.4481201171875,0.0,170.0,10.0,0.0,10.0,0.0,248.75694274902344,0.0,46.68006028468871,0.9996514767369659,19.82847474413264,0.837076832276011,nan,nan,nan,nan,nan,nan,nan,nan,nan,nan,nan,nan,nan,nan,nan,nan,nan,nan,nan,nan,nan,455.3925860673189
orientation_batch_01,datasets/synthetic_orientation_512/orientation_batch_01.png,0.15,15.0,15.0,15.0,15.0,0.0,165.0,-15.0,165.0,165.0,0.0,180.0,165.0338592529297,165.0338592529297,0.0,False,nan,nan,0.0,0.0,0.0,165.0,15.0,0.0,15.0,165.0,15.0,165.0,15.0,raw,0.0,0.0,0.0,0.0,258.4481201171875,0.0,165.0,15.0,0.0,15.0,0.0,251.24839782714844,0.0,46.68006028468871,0.9996514767369659,23.692885298523365,0.9302965213149594,nan,nan,nan,nan,nan,nan,nan,nan,nan,nan,nan,nan,nan,nan,nan,nan,nan,nan,nan,nan,nan,466.6449800133705
orientation_batch_01,datasets/synthetic_orientation_512/orientation_batch_01.png,0.15,30.0,30.0,30.0,30.0,0.0,150.0,-30.0,150.0,150.0,0.0,180.0,136.57437133789062,136.57437133789062,0.0,False,nan,nan,0.0,0.0,0.0,150.0,30.0,0.0,30.0,150.0,30.0,150.0,30.0,raw,0.0,0.0,0.0,0.0,258.4481201171875,0.0,150.0,30.0,0.0,30.0,0.0,241.0730438232422,0.0,46.68006028468871,0.9996514767369659,20.931103529889526,0.8718367427286656,nan,nan,nan,nan,nan,nan,nan,nan,nan,nan,nan,nan,nan,nan,nan,nan,nan,nan,nan,nan,nan,479.5274045318365
orientation_batch_01,datasets/synthetic_orientation_512/orientation_batch_01.png,0.15,45.0,45.0,45.0,45.0,0.0,135.0,-45.0,135.0,135.0,0.0,180.0,143.2846221923828,143.2846221923828,0.0,False,nan,nan,0.0,0.0,0.0,135.0,45.0,0.0,45.0,135.0,45.0,135.0,45.0,raw,0.0,0.0,0.0,0.0,258.4481201171875,0.0,135.0,45.0,0.0,45.0,0.0,247.53512573242188,0.0,46.68006028468871,0.9996514767369659,20.348158731256497,0.8497040842095247,nan,nan,nan,nan,nan,nan,nan,nan,nan,nan,nan,nan,nan,nan,nan,nan,nan,nan,nan,nan,nan,472.75725565850735
orientation_batch_01,datasets/synthetic_orientation_512/orientation_batch_01.png,0.15,60.0,60.0,60.0,60.0,0.0,120.0,-60.0,120.0,120.0,0.0,180.0,121.98138427734375,121.98138427734375,0.0,False,nan,nan,0.0,0.0,0.0,120.0,60.0,0.0,60.0,120.0,60.0,120.0,60.0,raw,0.0,0.0,0.0,0.0,258.4481201171875,0.0,120.0,60.0,0.0,60.0,0.0,245.73475646972656,0.0,46.68006028468871,0.9996514767369659,20.545945150176294,0.8584940297064495,nan,nan,nan,nan,nan,nan,nan,nan,nan,nan,nan,nan,nan,nan,nan,nan,nan,nan,nan,nan,nan,451.124407351017
orientation_batch_01,datasets/synthetic_orientation_512/orientation_batch_01.png,0.15,75.0,75.0,75.0,75.0,0.0,105.0,-75.0,105.0,105.0,0.0,180.0,167.21328735351562,167.21328735351562,0.0,False,nan,nan,0.0,0.0,0.0,106.0,74.0,1.0,75.0,105.0,75.0,105.0,75.0,raw,0.0,0.0,0.0,0.0,258.4481201171875,0.0,106.0,74.0,1.0,74.0,1.0,251.16839599609375,0.0,46.68006028468871,0.9996514767369659,22.97775220746388,0.9170736866907582,nan,nan,nan,nan,nan,nan,nan,nan,nan,nan,nan,nan,nan,nan,nan,nan,nan,nan,nan,nan,nan,452.6835847645998
orientation_batch_01,datasets/synthetic_orientation_512/orientation_batch_01.png,0.15,90.0,90.0,89.0,89.0,1.0,91.0,-89.0,91.0,91.0,0.0,180.0,202.22340393066406,202.22340393066406,0.0,False,nan,nan,0.0,0.0,0.0,90.0,90.0,0.0,90.0,91.0,89.0,91.0,89.0,raw,1.0,1.0,0.0,0.0,258.4481201171875,0.0,90.0,90.0,0.0,90.0,0.0,258.4478454589844,0.0,46.68006028468871,0.9996514767369659,19.746829675255462,0.837911789262185,nan,nan,nan,nan,nan,nan,nan,nan,nan,nan,nan,nan,nan,nan,nan,nan,nan,nan,nan,nan,nan,467.9144322872162
orientation_batch_01,datasets/synthetic_orientation_512/orientation_batch_01.png,0.15,120.0,120.0,120.0,-60.0,0.0,60.0,60.0,60.0,60.0,0.0,180.0,136.57347106933594,136.57347106933594,0.0,False,nan,nan,0.0,0.0,0.0,60.0,120.0,0.0,120.0,60.0,120.0,60.0,120.0,raw,0.0,0.0,0.0,0.0,258.4481201171875,0.0,60.0,120.0,0.0,120.0,0.0,241.07278442382812,0.0,46.68006028468871,0.9996514767369659,20.931103529889526,0.8718367427286656,nan,nan,nan,nan,nan,nan,nan,nan,nan,nan,nan,nan,nan,nan,nan,nan,nan,nan,nan,nan,nan,455.6102752685547
orientation_batch_01,datasets/synthetic_orientation_512/orientation_batch_01.png,0.15,150.0,150.0,150.0,-30.0,0.0,30.0,30.0,30.0,30.0,0.0,180.0,121.98152923583984,121.98152923583984,0.0,False,nan,nan,0.0,0.0,0.0,30.0,150.0,0.0,150.0,30.0,150.0,30.0,150.0,raw,0.0,0.0,0.0,0.0,258.4481201171875,0.0,30.0,150.0,0.0,150.0,0.0,245.73448181152344,0.0,46.68006028468871,0.9996514767369659,20.545945150176294,0.8584940297064495,nan,nan,nan,nan,nan,nan,nan,nan,nan,nan,nan,nan,nan,nan,nan,nan,nan,nan,nan,nan,nan,451.728755608201
orientation_batch_01,datasets/synthetic_orientation_512/orientation_batch_01.png,0.15,180.0,0.0,179.0,-1.0,1.0,1.0,1.0,1.0,1.0,0.0,180.0,202.22291564941406,202.22291564941406,0.0,False,nan,nan,0.0,0.0,0.0,0.0,0.0,0.0,180.0,1.0,179.0,1.0,179.0,raw,1.0,1.0,0.0,0.0,258.4481201171875,0.0,0.0,0.0,0.0,0.0,0.0,258.4481201171875,0.0,46.68006028468871,0.9996514767369659,19.746829675255462,0.837911789262185,nan,nan,nan,nan,nan,nan,nan,nan,nan,nan,nan,nan,nan,nan,nan,nan,nan,nan,nan,nan,nan,428.9613142609596
orientation_batch_02,datasets/synthetic_orientation_512/orientation_batch_02.png,0.15,5.0,5.0,4.0,4.0,1.0,176.0,-4.0,176.0,176.0,0.0,180.0,180.00823974609375,180.00823974609375,0.0,False,nan,nan,0.0,0.0,0.0,176.0,4.0,1.0,5.0,176.0,4.0,176.0,4.0,raw,1.0,1.0,0.0,0.0,258.69647216796875,0.0,176.0,4.0,1.0,4.0,1.0,251.5127716064453,0.0,46.405769896674784,0.9996358926326092,20.01742146539368,0.8467047949003182,nan,nan,nan,nan,nan,nan,nan,nan,nan,nan,nan,nan,nan,nan,nan,nan,nan,nan,nan,nan,nan,429.0592297911644
orientation_batch_02,datasets/synthetic_orientation_512/orientation_batch_02.png,0.15,10.0,10.0,10.0,10.0,0.0,170.0,-10.0,170.0,170.0,0.0,180.0,158.7064208984375,158.7064208984375,0.0,False,nan,nan,0.0,0.0,0.0,171.0,9.0,1.0,10.0,170.0,10.0,170.0,10.0,raw,0.0,0.0,0.0,0.0,258.69647216796875,0.0,171.0,9.0,1.0,9.0,1.0,250.07717895507812,0.0,46.405769896674784,0.9996358926326092,24.972608965512112,0.9495202412207403,nan,nan,nan,nan,nan,nan,nan,nan,nan,nan,nan,nan,nan,nan,nan,nan,nan,nan,nan,nan,nan,457.96248503029346
orientation_batch_02,datasets/synthetic_orientation_512/orientation_batch_02.png,0.15,15.0,15.0,15.0,15.0,0.0,165.0,-15.0,165.0,165.0,0.0,180.0,167.50294494628906,167.50294494628906,0.0,False,nan,nan,0.0,0.0,0.0,166.0,14.0,1.0,15.0,165.0,15.0,165.0,15.0,raw,0.0,0.0,0.0,0.0,258.69647216796875,0.0,166.0,14.0,1.0,14.0,1.0,252.53590393066406,0.0,46.405769896674784,0.9996358926326092,23.26941266091665,0.9257304948820709,nan,nan,nan,nan,nan,nan,nan,nan,nan,nan,nan,nan,nan,nan,nan,nan,nan,nan,nan,nan,nan,469.0596777945757
orientation_batch_02,datasets/synthetic_orientation_512/orientation_batch_02.png,0.15,30.0,30.0,30.0,30.0,0.0,150.0,-30.0,150.0,150.0,0.0,180.0,143.55491638183594,143.55491638183594,0.0,False,nan,nan,0.0,0.0,0.0,151.0,29.0,1.0,30.0,150.0,30.0,150.0,30.0,raw,0.0,0.0,0.0,0.0,258.69647216796875,0.0,151.0,29.0,1.0,29.0,1.0,239.75387573242188,0.0,46.405769896674784,0.9996358926326092,20.802932022722732,0.8725366342509467,nan,nan,nan,nan,nan,nan,nan,nan,nan,nan,nan,nan,nan,nan,nan,nan,nan,nan,nan,nan,nan,499.9429602175951
orientation_batch_02,datasets/synthetic_orientation_512/orientation_batch_02.png,0.15,45.0,45.0,45.0,45.0,0.0,135.0,-45.0,135.0,135.0,0.0,180.0,123.7173843383789,123.7173843383789,0.0,False,nan,nan,0.0,0.0,0.0,135.0,45.0,0.0,45.0,135.0,45.0,135.0,45.0,raw,0.0,0.0,0.0,0.0,258.69647216796875,0.0,135.0,45.0,0.0,45.0,0.0,245.39865112304688,0.0,46.405769896674784,0.9996358926326092,20.689080182257044,0.869031055973458,nan,nan,nan,nan,nan,nan,nan,nan,nan,nan,nan,nan,nan,nan,nan,nan,nan,nan,nan,nan,nan,447.7120265364647
orientation_batch_02,datasets/synthetic_orientation_512/orientation_batch_02.png,0.15,60.0,60.0,60.0,60.0,0.0,120.0,-60.0,120.0,120.0,0.0,180.0,117.40859985351562,117.40859985351562,0.0,False,nan,nan,0.0,0.0,0.0,120.0,60.0,0.0,60.0,120.0,60.0,120.0,60.0,raw,0.0,0.0,0.0,0.0,258.69647216796875,0.0,120.0,60.0,0.0,60.0,0.0,244.5640869140625,0.0,46.405769896674784,0.9996358926326092,21.10146621200695,0.881908334932568,nan,nan,nan,nan,nan,nan,nan,nan,nan,nan,nan,nan,nan,nan,nan,nan,nan,nan,nan,nan,nan,455.5248972028494
orientation_batch_02,datasets/synthetic_orientation_512/orientation_batch_02.png,0.15,75.0,75.0,75.0,75.0,0.0,105.0,-75.0,105.0,105.0,0.0,180.0,161.75148010253906,161.75148010253906,0.0,False,nan,nan,0.0,0.0,0.0,106.0,74.0,1.0,75.0,105.0,75.0,105.0,75.0,raw,0.0,0.0,0.0,0.0,258.69647216796875,0.0,106.0,74.0,1.0,74.0,1.0,257.797119140625,0.0,46.405769896674784,0.9996358926326092,23.021537360287976,0.9217452152225268,nan,nan,nan,nan,nan,nan,nan,nan,nan,nan,nan,nan,nan,nan,nan,nan,nan,nan,nan,nan,nan,461.37807331979275
orientation_batch_02,datasets/synthetic_orientation_512/orientation_batch_02.png,0.15,90.0,90.0,89.0,89.0,1.0,91.0,-89.0,91.0,91.0,0.0,180.0,207.46633911132812,207.46633911132812,0.0,False,nan,nan,0.0,0.0,0.0,90.0,90.0,0.0,90.0,91.0,89.0,91.0,89.0,raw,1.0,1.0,0.0,0.0,258.69647216796875,0.0,90.0,90.0,0.0,90.0,0.0,258.6961669921875,0.0,46.405769896674784,0.9996358926326092,19.825574449374344,0.8424822914162248,nan,nan,nan,nan,nan,nan,nan,nan,nan,nan,nan,nan,nan,nan,nan,nan,nan,nan,nan,nan,nan,441.8024495244026
orientation_batch_02,datasets/synthetic_orientation_512/orientation_batch_02.png,0.15,120.0,120.0,120.0,-60.0,0.0,60.0,60.0,60.0,60.0,0.0,180.0,143.55389404296875,143.55389404296875,0.0,False,nan,nan,0.0,0.0,0.0,61.0,119.0,1.0,120.0,60.0,120.0,60.0,120.0,raw,0.0,0.0,0.0,0.0,258.69647216796875,0.0,61.0,119.0,1.0,119.0,1.0,239.7542724609375,0.0,46.405769896674784,0.9996358926326092,20.802932022722732,0.8725366342509467,nan,nan,nan,nan,nan,nan,nan,nan,nan,nan,nan,nan,nan,nan,nan,nan,nan,nan,nan,nan,nan,454.10896837711334
orientation_batch_02,datasets/synthetic_orientation_512/orientation_batch_02.png,0.15,150.0,150.0,150.0,-30.0,0.0,30.0,30.0,30.0,30.0,0.0,180.0,117.40846252441406,117.40846252441406,0.0,False,nan,nan,0.0,0.0,0.0,30.0,150.0,0.0,150.0,30.0,150.0,30.0,150.0,raw,0.0,0.0,0.0,0.0,258.69647216796875,0.0,30.0,150.0,0.0,150.0,0.0,244.5637969970703,0.0,46.405769896674784,0.9996358926326092,21.10146621200695,0.881908334932568,nan,nan,nan,nan,nan,nan,nan,nan,nan,nan,nan,nan,nan,nan,nan,nan,nan,nan,nan,nan,nan,450.10121166706085
orientation_batch_02,datasets/synthetic_orientation_512/orientation_batch_02.png,0.15,180.0,0.0,179.0,-1.0,1.0,1.0,1.0,1.0,1.0,0.0,180.0,207.46609497070312,207.46609497070312,0.0,False,nan,nan,0.0,0.0,0.0,0.0,0.0,0.0,180.0,1.0,179.0,1.0,179.0,raw,1.0,1.0,0.0,0.0,258.69647216796875,0.0,0.0,0.0,0.0,0.0,0.0,258.69647216796875,0.0,46.405769896674784,0.9996358926326092,19.825574449374344,0.8424822914162248,nan,nan,nan,nan,nan,nan,nan,nan,nan,nan,nan,nan,nan,nan,nan,nan,nan,nan,nan,nan,nan,419.02292519807816
orientation_batch_03,datasets/synthetic_orientation_512/orientation_batch_03.png,0.15,5.0,5.0,4.0,4.0,1.0,176.0,-4.0,176.0,176.0,0.0,180.0,201.166748046875,201.166748046875,0.0,False,nan,nan,0.0,0.0,0.0,176.0,4.0,1.0,5.0,176.0,4.0,176.0,4.0,raw,1.0,1.0,0.0,0.0,259.2130126953125,0.0,176.0,4.0,1.0,4.0,1.0,250.7471923828125,0.0,46.98133406426904,0.999676807852826,20.206250640691795,0.8540958554937651,nan,nan,nan,nan,nan,nan,nan,nan,nan,nan,nan,nan,nan,nan,nan,nan,nan,nan,nan,nan,nan,441.1412365734577
orientation_batch_03,datasets/synthetic_orientation_512/orientation_batch_03.png,0.15,10.0,10.0,9.0,9.0,1.0,171.0,-9.0,171.0,171.0,0.0,180.0,180.44308471679688,180.44308471679688,0.0,False,nan,nan,0.0,0.0,0.0,171.0,9.0,1.0,10.0,171.0,9.0,171.0,9.0,raw,1.0,1.0,0.0,0.0,259.2130126953125,0.0,171.0,9.0,1.0,9.0,1.0,254.08604431152344,0.0,46.98133406426904,0.999676807852826,20.146302655222822,0.8512358867563687,nan,nan,nan,nan,nan,nan,nan,nan,nan,nan,nan,nan,nan,nan,nan,nan,nan,nan,nan,nan,nan,454.5931164175272
orientation_batch_03,datasets/synthetic_orientation_512/orientation_batch_03.png,0.15,15.0,15.0,14.0,14.0,1.0,166.0,-14.0,166.0,166.0,0.0,180.0,176.92098999023438,176.92098999023438,0.0,False,nan,nan,0.0,0.0,0.0,165.0,15.0,0.0,15.0,166.0,14.0,166.0,14.0,raw,1.0,1.0,0.0,0.0,259.2130126953125,0.0,165.0,15.0,0.0,15.0,0.0,252.4708709716797,0.0,46.98133406426904,0.999676807852826,19.900076618223085,0.8433452703833205,nan,nan,nan,nan,nan,nan,nan,nan,nan,nan,nan,nan,nan,nan,nan,nan,nan,nan,nan,nan,nan,468.1286346167326
orientation_batch_03,datasets/synthetic_orientation_512/orientation_batch_03.png,0.15,30.0,30.0,29.0,29.0,1.0,151.0,-29.0,151.0,151.0,0.0,180.0,147.85057067871094,147.85057067871094,0.0,False,nan,nan,0.0,0.0,0.0,150.0,30.0,0.0,30.0,151.0,29.0,151.0,29.0,raw,1.0,1.0,0.0,0.0,259.2130126953125,0.0,150.0,30.0,0.0,30.0,0.0,242.50961303710938,0.0,46.98133406426904,0.999676807852826,18.957618734127,0.8112784617161163,nan,nan,nan,nan,nan,nan,nan,nan,nan,nan,nan,nan,nan,nan,nan,nan,nan,nan,nan,nan,nan,458.67761224508286
orientation_batch_03,datasets/synthetic_orientation_512/orientation_batch_03.png,0.15,45.0,45.0,45.0,45.0,0.0,135.0,-45.0,135.0,135.0,0.0,180.0,157.70382690429688,157.70382690429688,0.0,False,nan,nan,0.0,0.0,0.0,135.0,45.0,0.0,45.0,135.0,45.0,135.0,45.0,raw,0.0,0.0,0.0,0.0,259.2130126953125,0.0,135.0,45.0,0.0,45.0,0.0,246.29705810546875,0.0,46.98133406426904,0.999676807852826,21.451412656869813,0.8904000050656443,nan,nan,nan,nan,nan,nan,nan,nan,nan,nan,nan,nan,nan,nan,nan,nan,nan,nan,nan,nan,nan,458.55861715972424
orientation_batch_03,datasets/synthetic_orientation_512/orientation_batch_03.png,0.15,60.0,60.0,60.0,60.0,0.0,120.0,-60.0,120.0,120.0,0.0,180.0,137.8640594482422,137.8640594482422,0.0,False,nan,nan,0.0,0.0,0.0,121.00000000000001,58.999999999999986,1.0000000000000142,60.0,120.0,60.0,120.0,60.0,raw,0.0,0.0,0.0,0.0,259.2130126953125,0.0,121.00000000000001,58.999999999999986,1.0000000000000142,58.999999999999986,1.0000000000000142,245.55003356933594,0.0,46.98133406426904,0.999676807852826,21.789618625071103,0.8998503585570119,nan,nan,nan,nan,nan,nan,nan,nan,nan,nan,nan,nan,nan,nan,nan,nan,nan,nan,nan,nan,nan,461.7858547717333
orientation_batch_03,datasets/synthetic_orientation_512/orientation_batch_03.png,0.15,75.0,75.0,74.0,74.0,1.0,106.0,-74.0,106.0,106.0,0.0,180.0,177.90603637695312,177.90603637695312,0.0,False,nan,nan,0.0,0.0,0.0,106.0,74.0,1.0,75.0,106.0,74.0,106.0,74.0,raw,1.0,1.0,0.0,0.0,259.2130126953125,0.0,106.0,74.0,1.0,74.0,1.0,256.309814453125,0.0,46.98133406426904,0.999676807852826,19.580316992601865,0.8326630163939365,nan,nan,nan,nan,nan,nan,nan,nan,nan,nan,nan,nan,nan,nan,nan,nan,nan,nan,nan,nan,nan,461.37397177517414
orientation_batch_03,datasets/synthetic_orientation_512/orientation_batch_03.png,0.15,90.0,90.0,89.0,89.0,1.0,91.0,-89.0,91.0,91.0,0.0,180.0,229.6938018798828,229.6938018798828,0.0,False,nan,nan,0.0,0.0,0.0,90.0,90.0,0.0,90.0,91.0,89.0,91.0,89.0,raw,1.0,1.0,0.0,0.0,259.2130126953125,0.0,90.0,90.0,0.0,90.0,0.0,259.21270751953125,0.0,46.98133406426904,0.999676807852826,19.989916688515944,0.8481033957874661,nan,nan,nan,nan,nan,nan,nan,nan,nan,nan,nan,nan,nan,nan,nan,nan,nan,nan,nan,nan,nan,462.53326907753944
orientation_batch_03,datasets/synthetic_orientation_512/orientation_batch_03.png,0.15,120.0,120.0,119.0,-61.0,1.0,61.0,61.0,61.0,61.0,0.0,180.0,147.85011291503906,147.85011291503906,0.0,False,nan,nan,0.0,0.0,0.0,60.0,120.0,0.0,120.0,61.0,119.0,61.0,119.0,raw,1.0,1.0,0.0,0.0,259.2130126953125,0.0,60.0,120.0,0.0,120.0,0.0,242.5092315673828,0.0,46.98133406426904,0.999676807852826,18.957618734127,0.8112784617161163,nan,nan,nan,nan,nan,nan,nan,nan,nan,nan,nan,nan,nan,nan,nan,nan,nan,nan,nan,nan,nan,458.7950278073549
orientation_batch_03,datasets/synthetic_orientation_512/orientation_batch_03.png,0.15,150.0,150.0,150.0,-30.0,0.0,30.0,30.0,30.0,30.0,0.0,180.0,137.86428833007812,137.86428833007812,0.0,False,nan,nan,0.0,0.0,0.0,31.0,149.0,1.0,150.0,30.0,150.0,30.0,150.0,raw,0.0,0.0,0.0,0.0,259.2130126953125,0.0,31.0,149.0,1.0,149.0,1.0,245.5499725341797,0.0,46.98133406426904,0.999676807852826,21.789618625071103,0.8998503585570119,nan,nan,nan,nan,nan,nan,nan,nan,nan,nan,nan,nan,nan,nan,nan,nan,nan,nan,nan,nan,nan,473.5430423170328
orientation_batch_03,datasets/synthetic_orientation_512/orientation_batch_03.png,0.15,180.0,0.0,179.0,-1.0,1.0,1.0,1.0,1.0,1.0,0.0,180.0,229.69361877441406,229.69361877441406,0.0,False,nan,nan,0.0,0.0,0.0,0.0,0.0,0.0,180.0,1.0,179.0,1.0,179.0,raw,1.0,1.0,0.0,0.0,259.2130126953125,0.0,0.0,0.0,0.0,0.0,0.0,259.2130126953125,0.0,46.98133406426904,0.999676807852826,19.989916688515944,0.8481033957874661,nan,nan,nan,nan,nan,nan,nan,nan,nan,nan,nan,nan,nan,nan,nan,nan,nan,nan,nan,nan,nan,426.41379311680794
orientation_batch_04,datasets/synthetic_orientation_512/orientation_batch_04.png,0.15,5.0,5.0,5.0,5.0,0.0,175.0,-5.0,175.0,175.0,0.0,180.0,176.26406860351562,176.26406860351562,0.0,False,nan,nan,0.0,0.0,0.0,175.0,5.0,0.0,5.0,175.0,5.0,175.0,5.0,raw,0.0,0.0,0.0,0.0,258.3641662597656,0.0,175.0,5.0,0.0,5.0,0.0,251.84725952148438,0.0,46.50172644663388,0.9995813890672718,26.52463265790203,0.9576486641227112,nan,nan,nan,nan,nan,nan,nan,nan,nan,nan,nan,nan,nan,nan,nan,nan,nan,nan,nan,nan,nan,447.30112701654434
orientation_batch_04,datasets/synthetic_orientation_512/orientation_batch_04.png,0.15,10.0,10.0,10.0,10.0,0.0,170.0,-10.0,170.0,170.0,0.0,180.0,165.30026245117188,165.30026245117188,0.0,False,nan,nan,0.0,0.0,0.0,170.0,10.0,0.0,10.0,170.0,10.0,170.0,10.0,raw,0.0,0.0,0.0,0.0,258.3641662597656,0.0,170.0,10.0,0.0,10.0,0.0,253.19715881347656,0.0,46.50172644663388,0.9995813890672718,24.367857495469472,0.9295790862785945,nan,nan,nan,nan,nan,nan,nan,nan,nan,nan,nan,nan,nan,nan,nan,nan,nan,nan,nan,nan,nan,452.6345953345299
orientation_batch_04,datasets/synthetic_orientation_512/orientation_batch_04.png,0.15,15.0,15.0,15.0,15.0,0.0,165.0,-15.0,165.0,165.0,0.0,180.0,160.38031005859375,160.38031005859375,0.0,False,nan,nan,0.0,0.0,0.0,166.0,14.0,1.0,15.0,165.0,15.0,165.0,15.0,raw,0.0,0.0,0.0,0.0,258.3641662597656,0.0,166.0,14.0,1.0,14.0,1.0,251.59817504882812,0.0,46.50172644663388,0.9995813890672718,22.918817032434184,0.9027845105682851,nan,nan,nan,nan,nan,nan,nan,nan,nan,nan,nan,nan,nan,nan,nan,nan,nan,nan,nan,nan,nan,487.97047697007656
orientation_batch_04,datasets/synthetic_orientation_512/orientation_batch_04.png,0.15,30.0,30.0,30.0,30.0,0.0,150.0,-30.0,150.0,150.0,0.0,180.0,149.95896911621094,149.95896911621094,0.0,False,nan,nan,0.0,0.0,0.0,150.0,30.0,0.0,30.0,150.0,30.0,150.0,30.0,raw,0.0,0.0,0.0,0.0,258.3641662597656,0.0,150.0,30.0,0.0,30.0,0.0,244.15159606933594,0.0,46.50172644663388,0.9995813890672718,20.617014854614588,0.839030087766501,nan,nan,nan,nan,nan,nan,nan,nan,nan,nan,nan,nan,nan,nan,nan,nan,nan,nan,nan,nan,nan,456.19868487119675
orientation_batch_04,datasets/synthetic_orientation_512/orientation_batch_04.png,0.15,45.0,45.0,45.0,45.0,0.0,135.0,-45.0,135.0,135.0,0.0,180.0,132.7822723388672,132.7822723388672,0.0,False,nan,nan,0.0,0.0,0.0,135.0,45.0,0.0,45.0,135.0,45.0,135.0,45.0,raw,0.0,0.0,0.0,0.0,258.3641662597656,0.0,135.0,45.0,0.0,45.0,0.0,247.80224609375,0.0,46.50172644663388,0.9995813890672718,20.175479950766793,0.8209862816944397,nan,nan,nan,nan,nan,nan,nan,nan,nan,nan,nan,nan,nan,nan,nan,nan,nan,nan,nan,nan,nan,449.0848761051893
orientation_batch_04,datasets/synthetic_orientation_512/orientation_batch_04.png,0.15,60.0,60.0,60.0,60.0,0.0,120.0,-60.0,120.0,120.0,0.0,180.0,130.97035217285156,130.97035217285156,0.0,False,nan,nan,0.0,0.0,0.0,120.0,60.0,0.0,60.0,120.0,60.0,120.0,60.0,raw,0.0,0.0,0.0,0.0,258.3641662597656,0.0,120.0,60.0,0.0,60.0,0.0,249.99481201171875,0.0,46.50172644663388,0.9995813890672718,20.439362378035856,0.8333704615060887,nan,nan,nan,nan,nan,nan,nan,nan,nan,nan,nan,nan,nan,nan,nan,nan,nan,nan,nan,nan,nan,455.1640599966049
orientation_batch_04,datasets/synthetic_orientation_512/orientation_batch_04.png,0.15,75.0,75.0,75.0,75.0,0.0,105.0,-75.0,105.0,105.0,0.0,180.0,161.8968505859375,161.8968505859375,0.0,False,nan,nan,0.0,0.0,0.0,106.0,74.0,1.0,75.0,105.0,75.0,105.0,75.0,raw,0.0,0.0,0.0,0.0,258.3641662597656,0.0,106.0,74.0,1.0,74.0,1.0,258.5135498046875,0.0,46.50172644663388,0.9995813890672718,22.34851066427506,0.8883690199778761,nan,nan,nan,nan,nan,nan,nan,nan,nan,nan,nan,nan,nan,nan,nan,nan,nan,nan,nan,nan,nan,447.6191829890013
orientation_batch_04,datasets/synthetic_orientation_512/orientation_batch_04.png,0.15,90.0,90.0,89.0,89.0,1.0,91.0,-89.0,91.0,91.0,0.0,180.0,202.29884338378906,202.29884338378906,0.0,False,nan,nan,0.0,0.0,0.0,90.0,90.0,0.0,90.0,91.0,89.0,91.0,89.0,raw,1.0,1.0,0.0,0.0,258.3641662597656,0.0,90.0,90.0,0.0,90.0,0.0,258.36383056640625,0.0,46.50172644663388,0.9995813890672718,19.212197970355493,0.7793557885008666,nan,nan,nan,nan,nan,nan,nan,nan,nan,nan,nan,nan,nan,nan,nan,nan,nan,nan,nan,nan,nan,472.61711210012436
orientation_batch_04,datasets/synthetic_orientation_512/orientation_batch_04.png,0.15,120.0,120.0,120.0,-60.0,0.0,60.0,60.0,60.0,60.0,0.0,180.0,149.95777893066406,149.95777893066406,0.0,False,nan,nan,0.0,0.0,0.0,60.0,120.0,0.0,120.0,60.0,120.0,60.0,120.0,raw,0.0,0.0,0.0,0.0,258.3641662597656,0.0,60.0,120.0,0.0,120.0,0.0,244.15135192871094,0.0,46.50172644663388,0.9995813890672718,20.617014854614588,0.839030087766501,nan,nan,nan,nan,nan,nan,nan,nan,nan,nan,nan,nan,nan,nan,nan,nan,nan,nan,nan,nan,nan,447.4701564759016
orientation_batch_04,datasets/synthetic_orientation_512/orientation_batch_04.png,0.15,150.0,150.0,150.0,-30.0,0.0,30.0,30.0,30.0,30.0,0.0,180.0,130.9703369140625,130.9703369140625,0.0,False,nan,nan,0.0,0.0,0.0,30.0,150.0,0.0,150.0,30.0,150.0,30.0,150.0,raw,0.0,0.0,0.0,0.0,258.3641662597656,0.0,30.0,150.0,0.0,150.0,0.0,249.99444580078125,0.0,46.50172644663388,0.9995813890672718,20.439362378035856,0.8333704615060887,nan,nan,nan,nan,nan,nan,nan,nan,nan,nan,nan,nan,nan,nan,nan,nan,nan,nan,nan,nan,nan,449.74206387996674
orientation_batch_04,datasets/synthetic_orientation_512/orientation_batch_04.png,0.15,180.0,0.0,179.0,-1.0,1.0,1.0,1.0,1.0,1.0,0.0,180.0,202.29861450195312,202.29861450195312,0.0,False,nan,nan,0.0,0.0,0.0,0.0,0.0,0.0,180.0,1.0,179.0,1.0,179.0,raw,1.0,1.0,0.0,0.0,258.3641662597656,0.0,0.0,0.0,0.0,0.0,0.0,258.3641662597656,0.0,46.50172644663388,0.9995813890672718,19.212197970355493,0.7793557885008666,nan,nan,nan,nan,nan,nan,nan,nan,nan,nan,nan,nan,nan,nan,nan,nan,nan,nan,nan,nan,nan,426.60073563456535
orientation_batch_05,datasets/synthetic_orientation_512/orientation_batch_05.png,0.15,5.0,5.0,4.0,4.0,1.0,176.0,-4.0,176.0,176.0,0.0,180.0,183.88864135742188,183.88864135742188,0.0,False,nan,nan,1.0,179.0,1.0,176.0,4.0,1.0,5.0,176.0,4.0,176.0,4.0,raw,1.0,1.0,179.0,1.0,258.310302734375,0.0,176.0,4.0,1.0,4.0,1.0,253.22828674316406,0.0,46.530912683441855,0.9996410289238611,20.179698510357866,0.8472818380297508,nan,nan,nan,nan,nan,nan,nan,nan,nan,nan,nan,nan,nan,nan,nan,nan,nan,nan,nan,nan,nan,432.1825001388788
orientation_batch_05,datasets/synthetic_orientation_512/orientation_batch_05.png,0.15,10.0,10.0,10.0,10.0,0.0,170.0,-10.0,170.0,170.0,0.0,180.0,167.12802124023438,167.12802124023438,0.0,False,nan,nan,1.0,179.0,1.0,170.0,10.0,0.0,10.0,170.0,10.0,170.0,10.0,raw,0.0,0.0,179.0,1.0,258.310302734375,0.0,170.0,10.0,0.0,10.0,0.0,249.0654754638672,0.0,46.530912683441855,0.9996410289238611,25.162347607167046,0.9511976102430496,nan,nan,nan,nan,nan,nan,nan,nan,nan,nan,nan,nan,nan,nan,nan,nan,nan,nan,nan,nan,nan,454.15218733251095
orientation_batch_05,datasets/synthetic_orientation_512/orientation_batch_05.png,0.15,15.0,15.0,15.0,15.0,0.0,165.0,-15.0,165.0,165.0,0.0,180.0,165.7154083251953,165.7154083251953,0.0,False,nan,nan,1.0,179.0,1.0,166.0,14.0,1.0,15.0,165.0,15.0,165.0,15.0,raw,0.0,0.0,179.0,1.0,258.310302734375,0.0,166.0,14.0,1.0,14.0,1.0,251.8938751220703,0.0,46.530912683441855,0.9996410289238611,23.57507758200495,0.9304001771940524,nan,nan,nan,nan,nan,nan,nan,nan,nan,nan,nan,nan,nan,nan,nan,nan,nan,nan,nan,nan,nan,467.7524156868458
orientation_batch_05,datasets/synthetic_orientation_512/orientation_batch_05.png,0.15,30.0,30.0,30.0,30.0,0.0,150.0,-30.0,150.0,150.0,0.0,180.0,145.17396545410156,145.17396545410156,0.0,False,nan,nan,1.0,179.0,1.0,150.0,30.0,0.0,30.0,150.0,30.0,150.0,30.0,raw,0.0,0.0,179.0,1.0,258.310302734375,0.0,150.0,30.0,0.0,30.0,0.0,246.2537384033203,0.0,46.530912683441855,0.9996410289238611,21.27735190699952,0.8851776667129935,nan,nan,nan,nan,nan,nan,nan,nan,nan,nan,nan,nan,nan,nan,nan,nan,nan,nan,nan,nan,nan,470.8483461290598
orientation_batch_05,datasets/synthetic_orientation_512/orientation_batch_05.png,0.15,45.0,45.0,44.0,44.0,1.0,136.0,-44.0,136.0,136.0,0.0,180.0,128.15283203125,128.15283203125,0.0,False,nan,nan,1.0,179.0,1.0,135.0,45.0,0.0,45.0,136.0,44.0,136.0,44.0,raw,1.0,1.0,179.0,1.0,258.310302734375,0.0,135.0,45.0,0.0,45.0,0.0,242.7214813232422,0.0,46.530912683441855,0.9996410289238611,18.620123447648393,0.7860849948747916,nan,nan,nan,nan,nan,nan,nan,nan,nan,nan,nan,nan,nan,nan,nan,nan,nan,nan,nan,nan,nan,468.41456927359104
orientation_batch_05,datasets/synthetic_orientation_512/orientation_batch_05.png,0.15,60.0,60.0,60.0,60.0,0.0,120.0,-60.0,120.0,120.0,0.0,180.0,130.98060607910156,130.98060607910156,0.0,False,nan,nan,1.0,179.0,1.0,121.00000000000001,58.999999999999986,1.0000000000000142,60.0,120.0,60.0,120.0,60.0,raw,0.0,0.0,179.0,1.0,258.310302734375,0.0,121.00000000000001,58.999999999999986,1.0000000000000142,58.999999999999986,1.0000000000000142,246.4195556640625,0.0,46.530912683441855,0.9996410289238611,21.482229287448224,0.8908824697851134,nan,nan,nan,nan,nan,nan,nan,nan,nan,nan,nan,nan,nan,nan,nan,nan,nan,nan,nan,nan,nan,460.6635607779026
orientation_batch_05,datasets/synthetic_orientation_512/orientation_batch_05.png,0.15,75.0,75.0,74.0,74.0,1.0,106.0,-74.0,106.0,106.0,0.0,180.0,162.77110290527344,162.77110290527344,0.0,False,nan,nan,1.0,179.0,1.0,106.0,74.0,1.0,75.0,106.0,74.0,106.0,74.0,raw,1.0,1.0,179.0,1.0,258.310302734375,0.0,106.0,74.0,1.0,74.0,1.0,258.31683349609375,0.0,46.530912683441855,0.9996410289238611,19.18937301598864,0.809424364714091,nan,nan,nan,nan,nan,nan,nan,nan,nan,nan,nan,nan,nan,nan,nan,nan,nan,nan,nan,nan,nan,449.32275637984276
orientation_batch_05,datasets/synthetic_orientation_512/orientation_batch_05.png,0.15,90.0,90.0,89.0,89.0,1.0,91.0,-89.0,91.0,91.0,0.0,180.0,213.41134643554688,213.41134643554688,0.0,False,nan,nan,1.0,179.0,1.0,91.0,89.0,1.0,90.0,91.0,89.0,91.0,89.0,raw,1.0,1.0,179.0,1.0,258.310302734375,0.0,91.0,89.0,1.0,89.0,1.0,258.310546875,0.0,46.530912683441855,0.9996410289238611,19.98797815831178,0.8430765201505789,nan,nan,nan,nan,nan,nan,nan,nan,nan,nan,nan,nan,nan,nan,nan,nan,nan,nan,nan,nan,nan,453.484196215868
orientation_batch_05,datasets/synthetic_orientation_512/orientation_batch_05.png,0.15,120.0,120.0,120.0,-60.0,0.0,60.0,60.0,60.0,60.0,0.0,180.0,145.17298889160156,145.17298889160156,0.0,False,nan,nan,1.0,179.0,1.0,60.0,120.0,0.0,120.0,60.0,120.0,60.0,120.0,raw,0.0,0.0,179.0,1.0,258.310302734375,0.0,60.0,120.0,0.0,120.0,0.0,246.25350952148438,0.0,46.530912683441855,0.9996410289238611,21.27735190699952,0.8851776667129935,nan,nan,nan,nan,nan,nan,nan,nan,nan,nan,nan,nan,nan,nan,nan,nan,nan,nan,nan,nan,nan,463.7735690921545
orientation_batch_05,datasets/synthetic_orientation_512/orientation_batch_05.png,0.15,150.0,150.0,150.0,-30.0,0.0,30.0,30.0,30.0,30.0,0.0,180.0,130.98046875,130.98046875,0.0,False,nan,nan,1.0,179.0,1.0,31.0,149.0,1.0,150.0,30.0,150.0,30.0,150.0,raw,0.0,0.0,179.0,1.0,258.310302734375,0.0,31.0,149.0,1.0,149.0,1.0,246.41957092285156,0.0,46.530912683441855,0.9996410289238611,21.482229287448224,0.8908824697851134,nan,nan,nan,nan,nan,nan,nan,nan,nan,nan,nan,nan,nan,nan,nan,nan,nan,nan,nan,nan,nan,494.828712195158
orientation_batch_05,datasets/synthetic_orientation_512/orientation_batch_05.png,0.15,180.0,0.0,179.0,-1.0,1.0,1.0,1.0,1.0,1.0,0.0,180.0,213.41110229492188,213.41110229492188,0.0,False,nan,nan,1.0,179.0,1.0,1.0,179.0,1.0,180.0,1.0,179.0,1.0,179.0,raw,1.0,1.0,179.0,1.0,258.310302734375,0.0,1.0,179.0,1.0,179.0,1.0,258.310302734375,0.0,46.530912683441855,0.9996410289238611,19.98797815831178,0.8430765201505789,nan,nan,nan,nan,nan,nan,nan,nan,nan,nan,nan,nan,nan,nan,nan,nan,nan,nan,nan,nan,nan,423.135731369257
orientation_batch_06,datasets/synthetic_orientation_512/orientation_batch_06.png,0.15,5.0,5.0,4.0,4.0,1.0,176.0,-4.0,176.0,176.0,0.0,180.0,171.6728973388672,171.6728973388672,0.0,False,nan,nan,0.0,0.0,0.0,176.0,4.0,1.0,5.0,176.0,4.0,176.0,4.0,raw,1.0,1.0,0.0,0.0,258.9122619628906,0.0,176.0,4.0,1.0,4.0,1.0,250.9701385498047,0.0,46.79576347048419,0.9996806631635899,20.07953747366824,0.8540809499641157,nan,nan,nan,nan,nan,nan,nan,nan,nan,nan,nan,nan,nan,nan,nan,nan,nan,nan,nan,nan,nan,432.25350230932236
orientation_batch_06,datasets/synthetic_orientation_512/orientation_batch_06.png,0.15,10.0,10.0,9.0,9.0,1.0,171.0,-9.0,171.0,171.0,0.0,180.0,160.77450561523438,160.77450561523438,0.0,False,nan,nan,0.0,0.0,0.0,171.0,9.0,1.0,10.0,171.0,9.0,171.0,9.0,raw,1.0,1.0,0.0,0.0,258.9122619628906,0.0,171.0,9.0,1.0,9.0,1.0,250.35328674316406,0.0,46.79576347048419,0.9996806631635899,20.01690291429666,0.8505263783432068,nan,nan,nan,nan,nan,nan,nan,nan,nan,nan,nan,nan,nan,nan,nan,nan,nan,nan,nan,nan,nan,443.2152323424816
orientation_batch_06,datasets/synthetic_orientation_512/orientation_batch_06.png,0.15,15.0,15.0,14.0,14.0,1.0,166.0,-14.0,166.0,166.0,0.0,180.0,161.60299682617188,161.60299682617188,0.0,False,nan,nan,0.0,0.0,0.0,166.0,14.0,1.0,15.0,166.0,14.0,166.0,14.0,raw,1.0,1.0,0.0,0.0,258.9122619628906,0.0,166.0,14.0,1.0,14.0,1.0,255.66653442382812,0.0,46.79576347048419,0.9996806631635899,19.7844883923318,0.8422530877770518,nan,nan,nan,nan,nan,nan,nan,nan,nan,nan,nan,nan,nan,nan,nan,nan,nan,nan,nan,nan,nan,475.48894211649895
orientation_batch_06,datasets/synthetic_orientation_512/orientation_batch_06.png,0.15,30.0,30.0,29.0,29.0,1.0,151.0,-29.0,151.0,151.0,0.0,180.0,148.9632568359375,148.9632568359375,0.0,False,nan,nan,0.0,0.0,0.0,150.0,30.0,0.0,30.0,151.0,29.0,151.0,29.0,raw,1.0,1.0,0.0,0.0,258.9122619628906,0.0,150.0,30.0,0.0,30.0,0.0,245.48558044433594,0.0,46.79576347048419,0.9996806631635899,18.722017737657875,0.8027616577265398,nan,nan,nan,nan,nan,nan,nan,nan,nan,nan,nan,nan,nan,nan,nan,nan,nan,nan,nan,nan,nan,461.1880984157324
orientation_batch_06,datasets/synthetic_orientation_512/orientation_batch_06.png,0.15,45.0,45.0,45.0,45.0,0.0,135.0,-45.0,135.0,135.0,0.0,180.0,129.61160278320312,129.61160278320312,0.0,False,nan,nan,0.0,0.0,0.0,136.0,44.0,1.0,45.0,135.0,45.0,135.0,45.0,raw,0.0,0.0,0.0,0.0,258.9122619628906,0.0,136.0,44.0,1.0,44.0,1.0,247.53713989257812,0.0,46.79576347048419,0.9996806631635899,20.822996794611825,0.8757156986609628,nan,nan,nan,nan,nan,nan,nan,nan,nan,nan,nan,nan,nan,nan,nan,nan,nan,nan,nan,nan,nan,467.08451956510544
orientation_batch_06,datasets/synthetic_orientation_512/orientation_batch_06.png,0.15,60.0,60.0,60.0,60.0,0.0,120.0,-60.0,120.0,120.0,0.0,180.0,137.86949157714844,137.86949157714844,0.0,False,nan,nan,0.0,0.0,0.0,120.0,60.0,0.0,60.0,120.0,60.0,120.0,60.0,raw,0.0,0.0,0.0,0.0,258.9122619628906,0.0,120.0,60.0,0.0,60.0,0.0,245.8271942138672,0.0,46.79576347048419,0.9996806631635899,21.196879910821163,0.8872499372259335,nan,nan,nan,nan,nan,nan,nan,nan,nan,nan,nan,nan,nan,nan,nan,nan,nan,nan,nan,nan,nan,458.8482975959778
orientation_batch_06,datasets/synthetic_orientation_512/orientation_batch_06.png,0.15,75.0,75.0,74.0,74.0,1.0,106.0,-74.0,106.0,106.0,0.0,180.0,166.95814514160156,166.95814514160156,0.0,False,nan,nan,0.0,0.0,0.0,106.0,74.0,1.0,75.0,106.0,74.0,106.0,74.0,raw,1.0,1.0,0.0,0.0,258.9122619628906,0.0,106.0,74.0,1.0,74.0,1.0,255.67041015625,0.0,46.79576347048419,0.9996806631635899,19.407374710908275,0.828608151144549,nan,nan,nan,nan,nan,nan,nan,nan,nan,nan,nan,nan,nan,nan,nan,nan,nan,nan,nan,nan,nan,464.98649194836617
orientation_batch_06,datasets/synthetic_orientation_512/orientation_batch_06.png,0.15,90.0,90.0,89.0,89.0,1.0,91.0,-89.0,91.0,91.0,0.0,180.0,208.6566162109375,208.6566162109375,0.0,False,nan,nan,0.0,0.0,0.0,90.0,90.0,0.0,90.0,91.0,89.0,91.0,89.0,raw,1.0,1.0,0.0,0.0,258.9122619628906,0.0,90.0,90.0,0.0,90.0,0.0,258.9119567871094,0.0,46.79576347048419,0.9996806631635899,19.847160029737488,0.8475295927307057,nan,nan,nan,nan,nan,nan,nan,nan,nan,nan,nan,nan,nan,nan,nan,nan,nan,nan,nan,nan,nan,445.8034597337246
orientation_batch_06,datasets/synthetic_orientation_512/orientation_batch_06.png,0.15,120.0,120.0,119.0,-61.0,1.0,61.0,61.0,61.0,61.0,0.0,180.0,148.96282958984375,148.96282958984375,0.0,False,nan,nan,0.0,0.0,0.0,60.0,120.0,0.0,120.0,61.0,119.0,61.0,119.0,raw,1.0,1.0,0.0,0.0,258.9122619628906,0.0,60.0,120.0,0.0,120.0,0.0,245.48533630371094,0.0,46.79576347048419,0.9996806631635899,18.722017737657875,0.8027616577265398,nan,nan,nan,nan,nan,nan,nan,nan,nan,nan,nan,nan,nan,nan,nan,nan,nan,nan,nan,nan,nan,451.7684355378151
orientation_batch_06,datasets/synthetic_orientation_512/orientation_batch_06.png,0.15,150.0,150.0,150.0,-30.0,0.0,30.0,30.0,30.0,30.0,0.0,180.0,137.869384765625,137.869384765625,0.0,False,nan,nan,0.0,0.0,0.0,30.0,150.0,0.0,150.0,30.0,150.0,30.0,150.0,raw,0.0,0.0,0.0,0.0,258.9122619628906,0.0,30.0,150.0,0.0,150.0,0.0,245.8268585205078,0.0,46.79576347048419,0.9996806631635899,21.196879910821163,0.8872499372259335,nan,nan,nan,nan,nan,nan,nan,nan,nan,nan,nan,nan,nan,nan,nan,nan,nan,nan,nan,nan,nan,446.473004296422
orientation_batch_06,datasets/synthetic_orientation_512/orientation_batch_06.png,0.15,180.0,0.0,179.0,-1.0,1.0,1.0,1.0,1.0,1.0,0.0,180.0,208.6564483642578,208.6564483642578,0.0,False,nan,nan,0.0,0.0,0.0,0.0,0.0,0.0,180.0,1.0,179.0,1.0,179.0,raw,1.0,1.0,0.0,0.0,258.9122619628906,0.0,0.0,0.0,0.0,0.0,0.0,258.9122619628906,0.0,46.79576347048419,0.9996806631635899,19.847160029737488,0.8475295927307057,nan,nan,nan,nan,nan,nan,nan,nan,nan,nan,nan,nan,nan,nan,nan,nan,nan,nan,nan,nan,nan,427.53763124346733
orientation_batch_07,datasets/synthetic_orientation_512/orientation_batch_07.png,0.15,5.0,5.0,5.0,5.0,0.0,175.0,-5.0,175.0,175.0,0.0,180.0,176.65408325195312,176.65408325195312,0.0,False,nan,nan,0.0,0.0,0.0,176.0,4.0,1.0,5.0,175.0,5.0,175.0,5.0,raw,0.0,0.0,0.0,0.0,258.4213562011719,0.0,176.0,4.0,1.0,4.0,1.0,252.9370574951172,0.0,46.16660307059048,0.9996212077476195,27.146749231570887,0.9691207962215905,nan,nan,nan,nan,nan,nan,nan,nan,nan,nan,nan,nan,nan,nan,nan,nan,nan,nan,nan,nan,nan,435.24335883557796
orientation_batch_07,datasets/synthetic_orientation_512/orientation_batch_07.png,0.15,10.0,10.0,9.0,9.0,1.0,171.0,-9.0,171.0,171.0,0.0,180.0,160.22743225097656,160.22743225097656,0.0,False,nan,nan,0.0,0.0,0.0,171.0,9.0,1.0,10.0,171.0,9.0,171.0,9.0,raw,1.0,1.0,0.0,0.0,258.4213562011719,0.0,171.0,9.0,1.0,9.0,1.0,248.10360717773438,0.0,46.16660307059048,0.9996212077476195,19.54922586328023,0.8221544041989071,nan,nan,nan,nan,nan,nan,nan,nan,nan,nan,nan,nan,nan,nan,nan,nan,nan,nan,nan,nan,nan,476.4018226414919
orientation_batch_07,datasets/synthetic_orientation_512/orientation_batch_07.png,0.15,15.0,15.0,15.0,15.0,0.0,165.0,-15.0,165.0,165.0,0.0,180.0,165.11941528320312,165.11941528320312,0.0,False,nan,nan,0.0,0.0,0.0,166.0,14.0,1.0,15.0,165.0,15.0,165.0,15.0,raw,0.0,0.0,0.0,0.0,258.4213562011719,0.0,166.0,14.0,1.0,14.0,1.0,251.10830688476562,0.0,46.16660307059048,0.9996212077476195,23.089845669196002,0.9210305054091449,nan,nan,nan,nan,nan,nan,nan,nan,nan,nan,nan,nan,nan,nan,nan,nan,nan,nan,nan,nan,nan,471.84802405536175
orientation_batch_07,datasets/synthetic_orientation_512/orientation_batch_07.png,0.15,30.0,30.0,30.0,30.0,0.0,150.0,-30.0,150.0,150.0,0.0,180.0,136.21893310546875,136.21893310546875,0.0,False,nan,nan,0.0,0.0,0.0,151.0,29.0,1.0,30.0,150.0,30.0,150.0,30.0,raw,0.0,0.0,0.0,0.0,258.4213562011719,0.0,151.0,29.0,1.0,29.0,1.0,244.1470489501953,0.0,46.16660307059048,0.9996212077476195,20.679507570348026,0.8656192551199534,nan,nan,nan,nan,nan,nan,nan,nan,nan,nan,nan,nan,nan,nan,nan,nan,nan,nan,nan,nan,nan,467.65173599123955
orientation_batch_07,datasets/synthetic_orientation_512/orientation_batch_07.png,0.15,45.0,45.0,45.0,45.0,0.0,135.0,-45.0,135.0,135.0,0.0,180.0,121.97614288330078,121.97614288330078,0.0,False,nan,nan,0.0,0.0,0.0,135.0,45.0,0.0,45.0,135.0,45.0,135.0,45.0,raw,0.0,0.0,0.0,0.0,258.4213562011719,0.0,135.0,45.0,0.0,45.0,0.0,249.1809844970703,0.0,46.16660307059048,0.9996212077476195,20.37567706201621,0.8542629195678698,nan,nan,nan,nan,nan,nan,nan,nan,nan,nan,nan,nan,nan,nan,nan,nan,nan,nan,nan,nan,nan,472.38641791045666
orientation_batch_07,datasets/synthetic_orientation_512/orientation_batch_07.png,0.15,60.0,60.0,60.0,60.0,0.0,120.0,-60.0,120.0,120.0,0.0,180.0,128.36895751953125,128.36895751953125,0.0,False,nan,nan,0.0,0.0,0.0,120.0,60.0,0.0,60.0,120.0,60.0,120.0,60.0,raw,0.0,0.0,0.0,0.0,258.4213562011719,0.0,120.0,60.0,0.0,60.0,0.0,243.60162353515625,0.0,46.16660307059048,0.9996212077476195,20.672756891273117,0.8652583635593941,nan,nan,nan,nan,nan,nan,nan,nan,nan,nan,nan,nan,nan,nan,nan,nan,nan,nan,nan,nan,nan,452.75009237229824
orientation_batch_07,datasets/synthetic_orientation_512/orientation_batch_07.png,0.15,75.0,75.0,75.0,75.0,0.0,105.0,-75.0,105.0,105.0,0.0,180.0,164.03005981445312,164.03005981445312,0.0,False,nan,nan,0.0,0.0,0.0,106.0,74.0,1.0,75.0,105.0,75.0,105.0,75.0,raw,0.0,0.0,0.0,0.0,258.4213562011719,0.0,106.0,74.0,1.0,74.0,1.0,256.2300720214844,0.0,46.16660307059048,0.9996212077476195,22.603619888503573,0.9124583695161643,nan,nan,nan,nan,nan,nan,nan,nan,nan,nan,nan,nan,nan,nan,nan,nan,nan,nan,nan,nan,nan,458.2905489951372
orientation_batch_07,datasets/synthetic_orientation_512/orientation_batch_07.png,0.15,90.0,90.0,89.0,89.0,1.0,91.0,-89.0,91.0,91.0,0.0,180.0,213.4713592529297,213.4713592529297,0.0,False,nan,nan,0.0,0.0,0.0,90.0,90.0,0.0,90.0,91.0,89.0,91.0,89.0,raw,1.0,1.0,0.0,0.0,258.4213562011719,0.0,90.0,90.0,0.0,90.0,0.0,258.4210510253906,0.0,46.16660307059048,0.9996212077476195,19.60004499726407,0.8294243189674182,nan,nan,nan,nan,nan,nan,nan,nan,nan,nan,nan,nan,nan,nan,nan,nan,nan,nan,nan,nan,nan,446.0730757564306
orientation_batch_07,datasets/synthetic_orientation_512/orientation_batch_07.png,0.15,120.0,120.0,120.0,-60.0,0.0,60.0,60.0,60.0,60.0,0.0,180.0,136.21810913085938,136.21810913085938,0.0,False,nan,nan,0.0,0.0,0.0,61.0,119.0,1.0,120.0,60.0,120.0,60.0,120.0,raw,0.0,0.0,0.0,0.0,258.4213562011719,0.0,61.0,119.0,1.0,119.0,1.0,244.14739990234375,0.0,46.16660307059048,0.9996212077476195,20.679507570348026,0.8656192551199534,nan,nan,nan,nan,nan,nan,nan,nan,nan,nan,nan,nan,nan,nan,nan,nan,nan,nan,nan,nan,nan,451.49480551481247
orientation_batch_07,datasets/synthetic_orientation_512/orientation_batch_07.png,0.15,150.0,150.0,150.0,-30.0,0.0,30.0,30.0,30.0,30.0,0.0,180.0,128.3690948486328,128.3690948486328,0.0,False,nan,nan,0.0,0.0,0.0,30.0,150.0,0.0,150.0,30.0,150.0,30.0,150.0,raw,0.0,0.0,0.0,0.0,258.4213562011719,0.0,30.0,150.0,0.0,150.0,0.0,243.60142517089844,0.0,46.16660307059048,0.9996212077476195,20.672756891273117,0.8652583635593941,nan,nan,nan,nan,nan,nan,nan,nan,nan,nan,nan,nan,nan,nan,nan,nan,nan,nan,nan,nan,nan,462.28617802262306
orientation_batch_07,datasets/synthetic_orientation_512/orientation_batch_07.png,0.15,180.0,0.0,179.0,-1.0,1.0,1.0,1.0,1.0,1.0,0.0,180.0,213.4711456298828,213.4711456298828,0.0,False,nan,nan,0.0,0.0,0.0,0.0,0.0,0.0,180.0,1.0,179.0,1.0,179.0,raw,1.0,1.0,0.0,0.0,258.4213562011719,0.0,0.0,0.0,0.0,0.0,0.0,258.4213562011719,0.0,46.16660307059048,0.9996212077476195,19.60004499726407,0.8294243189674182,nan,nan,nan,nan,nan,nan,nan,nan,nan,nan,nan,nan,nan,nan,nan,nan,nan,nan,nan,nan,nan,434.7702879458666
orientation_batch_08,datasets/synthetic_orientation_512/orientation_batch_08.png,0.15,5.0,5.0,4.0,4.0,1.0,176.0,-4.0,176.0,176.0,0.0,180.0,177.2140350341797,177.2140350341797,0.0,False,nan,nan,0.0,0.0,0.0,176.0,4.0,1.0,5.0,176.0,4.0,176.0,4.0,raw,1.0,1.0,0.0,0.0,258.4368591308594,0.0,176.0,4.0,1.0,4.0,1.0,251.6813201904297,0.0,46.390117557605436,0.9996343596062642,19.276266883166805,0.8086380432371444,nan,nan,nan,nan,nan,nan,nan,nan,nan,nan,nan,nan,nan,nan,nan,nan,nan,nan,nan,nan,nan,427.80150286853313
orientation_batch_08,datasets/synthetic_orientation_512/orientation_batch_08.png,0.15,10.0,10.0,9.0,9.0,1.0,171.0,-9.0,171.0,171.0,0.0,180.0,169.2801971435547,169.2801971435547,0.0,False,nan,nan,0.0,0.0,0.0,170.0,10.0,0.0,10.0,171.0,9.0,171.0,9.0,raw,1.0,1.0,0.0,0.0,258.4368591308594,0.0,170.0,10.0,0.0,10.0,0.0,249.8305206298828,0.0,46.390117557605436,0.9996343596062642,19.12636599198519,0.8011983554767612,nan,nan,nan,nan,nan,nan,nan,nan,nan,nan,nan,nan,nan,nan,nan,nan,nan,nan,nan,nan,nan,458.3154320716858
orientation_batch_08,datasets/synthetic_orientation_512/orientation_batch_08.png,0.15,15.0,15.0,15.0,15.0,0.0,165.0,-15.0,165.0,165.0,0.0,180.0,164.2134246826172,164.2134246826172,0.0,False,nan,nan,0.0,0.0,0.0,166.0,14.0,1.0,15.0,165.0,15.0,165.0,15.0,raw,0.0,0.0,0.0,0.0,258.4368591308594,0.0,166.0,14.0,1.0,14.0,1.0,251.77207946777344,0.0,46.390117557605436,0.9996343596062642,23.208485852426428,0.9224242287832283,nan,nan,nan,nan,nan,nan,nan,nan,nan,nan,nan,nan,nan,nan,nan,nan,nan,nan,nan,nan,nan,477.6696730405092
orientation_batch_08,datasets/synthetic_orientation_512/orientation_batch_08.png,0.15,30.0,30.0,29.0,29.0,1.0,151.0,-29.0,151.0,151.0,0.0,180.0,153.2180633544922,153.2180633544922,0.0,False,nan,nan,0.0,0.0,0.0,150.0,30.0,0.0,30.0,151.0,29.0,151.0,29.0,raw,1.0,1.0,0.0,0.0,258.4368591308594,0.0,150.0,30.0,0.0,30.0,0.0,244.4346160888672,0.0,46.390117557605436,0.9996343596062642,18.082793962630262,0.7567659749629035,nan,nan,nan,nan,nan,nan,nan,nan,nan,nan,nan,nan,nan,nan,nan,nan,nan,nan,nan,nan,nan,454.8631086945534
orientation_batch_08,datasets/synthetic_orientation_512/orientation_batch_08.png,0.15,45.0,45.0,45.0,45.0,0.0,135.0,-45.0,135.0,135.0,0.0,180.0,141.94386291503906,141.94386291503906,0.0,False,nan,nan,0.0,0.0,0.0,135.0,45.0,0.0,45.0,135.0,45.0,135.0,45.0,raw,0.0,0.0,0.0,0.0,258.4368591308594,0.0,135.0,45.0,0.0,45.0,0.0,246.5005645751953,0.0,46.390117557605436,0.9996343596062642,20.691391148106135,0.8667939310570816,nan,nan,nan,nan,nan,nan,nan,nan,nan,nan,nan,nan,nan,nan,nan,nan,nan,nan,nan,nan,nan,458.9358940720558
orientation_batch_08,datasets/synthetic_orientation_512/orientation_batch_08.png,0.15,60.0,60.0,60.0,60.0,0.0,120.0,-60.0,120.0,120.0,0.0,180.0,137.37074279785156,137.37074279785156,0.0,False,nan,nan,0.0,0.0,0.0,121.00000000000001,58.999999999999986,1.0000000000000142,60.0,120.0,60.0,120.0,60.0,raw,0.0,0.0,0.0,0.0,258.4368591308594,0.0,121.00000000000001,58.999999999999986,1.0000000000000142,58.999999999999986,1.0000000000000142,245.91720581054688,0.0,46.390117557605436,0.9996343596062642,21.001103809031303,0.8770244824664837,nan,nan,nan,nan,nan,nan,nan,nan,nan,nan,nan,nan,nan,nan,nan,nan,nan,nan,nan,nan,nan,452.0757645368576
orientation_batch_08,datasets/synthetic_orientation_512/orientation_batch_08.png,0.15,75.0,75.0,75.0,75.0,0.0,105.0,-75.0,105.0,105.0,0.0,180.0,168.63150024414062,168.63150024414062,0.0,False,nan,nan,0.0,0.0,0.0,106.0,74.0,1.0,75.0,105.0,75.0,105.0,75.0,raw,0.0,0.0,0.0,0.0,258.4368591308594,0.0,106.0,74.0,1.0,74.0,1.0,254.62554931640625,0.0,46.390117557605436,0.9996343596062642,23.07139518721774,0.9206398207946872,nan,nan,nan,nan,nan,nan,nan,nan,nan,nan,nan,nan,nan,nan,nan,nan,nan,nan,nan,nan,nan,458.5829321295023
orientation_batch_08,datasets/synthetic_orientation_512/orientation_batch_08.png,0.15,90.0,90.0,89.0,89.0,1.0,91.0,-89.0,91.0,91.0,0.0,180.0,209.92755126953125,209.92755126953125,0.0,False,nan,nan,0.0,0.0,0.0,90.0,90.0,0.0,90.0,91.0,89.0,91.0,89.0,raw,1.0,1.0,0.0,0.0,258.4368591308594,0.0,90.0,90.0,0.0,90.0,0.0,258.4365539550781,0.0,46.390117557605436,0.9996343596062642,19.14634350644429,0.8065360735160215,nan,nan,nan,nan,nan,nan,nan,nan,nan,nan,nan,nan,nan,nan,nan,nan,nan,nan,nan,nan,nan,470.10683827102184
orientation_batch_08,datasets/synthetic_orientation_512/orientation_batch_08.png,0.15,120.0,120.0,119.0,-61.0,1.0,61.0,61.0,61.0,61.0,0.0,180.0,153.21844482421875,153.21844482421875,0.0,False,nan,nan,0.0,0.0,0.0,60.0,120.0,0.0,120.0,61.0,119.0,61.0,119.0,raw,1.0,1.0,0.0,0.0,258.4368591308594,0.0,60.0,120.0,0.0,120.0,0.0,244.43418884277344,0.0,46.390117557605436,0.9996343596062642,18.082793962630262,0.7567659749629035,nan,nan,nan,nan,nan,nan,nan,nan,nan,nan,nan,nan,nan,nan,nan,nan,nan,nan,nan,nan,nan,443.60276870429516
orientation_batch_08,datasets/synthetic_orientation_512/orientation_batch_08.png,0.15,150.0,150.0,150.0,-30.0,0.0,30.0,30.0,30.0,30.0,0.0,180.0,137.3711395263672,137.3711395263672,0.0,False,nan,nan,0.0,0.0,0.0,31.0,149.0,1.0,150.0,30.0,150.0,30.0,150.0,raw,0.0,0.0,0.0,0.0,258.4368591308594,0.0,31.0,149.0,1.0,149.0,1.0,245.9171600341797,0.0,46.390117557605436,0.9996343596062642,21.001103809031303,0.8770244824664837,nan,nan,nan,nan,nan,nan,nan,nan,nan,nan,nan,nan,nan,nan,nan,nan,nan,nan,nan,nan,nan,464.0887025743723
orientation_batch_08,datasets/synthetic_orientation_512/orientation_batch_08.png,0.15,180.0,0.0,179.0,-1.0,1.0,1.0,1.0,1.0,1.0,0.0,180.0,209.92735290527344,209.92735290527344,0.0,False,nan,nan,0.0,0.0,0.0,0.0,0.0,0.0,180.0,1.0,179.0,1.0,179.0,raw,1.0,1.0,0.0,0.0,258.4368591308594,0.0,0.0,0.0,0.0,0.0,0.0,258.4368591308594,0.0,46.390117557605436,0.9996343596062642,19.14634350644429,0.8065360735160215,nan,nan,nan,nan,nan,nan,nan,nan,nan,nan,nan,nan,nan,nan,nan,nan,nan,nan,nan,nan,nan,413.38724829256535
orientation_batch_09,datasets/synthetic_orientation_512/orientation_batch_09.png,0.15,5.0,5.0,4.0,4.0,1.0,176.0,-4.0,176.0,176.0,0.0,180.0,181.73818969726562,181.73818969726562,0.0,False,nan,nan,1.0,179.0,1.0,176.0,4.0,1.0,5.0,176.0,4.0,176.0,4.0,raw,1.0,1.0,179.0,1.0,258.2558288574219,0.0,176.0,4.0,1.0,4.0,1.0,251.33145141601562,0.0,46.46873864161108,0.9996961555616037,19.9112501973213,0.8597460629046864,nan,nan,nan,nan,nan,nan,nan,nan,nan,nan,nan,nan,nan,nan,nan,nan,nan,nan,nan,nan,nan,591.1006722599268
orientation_batch_09,datasets/synthetic_orientation_512/orientation_batch_09.png,0.15,10.0,10.0,9.0,9.0,1.0,171.0,-9.0,171.0,171.0,0.0,180.0,155.72201538085938,155.72201538085938,0.0,False,nan,nan,1.0,179.0,1.0,170.0,10.0,0.0,10.0,171.0,9.0,171.0,9.0,raw,1.0,1.0,179.0,1.0,258.2558288574219,0.0,170.0,10.0,0.0,10.0,0.0,251.0795135498047,0.0,46.46873864161108,0.9996961555616037,19.799947920878655,0.8546145397292517,nan,nan,nan,nan,nan,nan,nan,nan,nan,nan,nan,nan,nan,nan,nan,nan,nan,nan,nan,nan,nan,620.2854905277491
orientation_batch_09,datasets/synthetic_orientation_512/orientation_batch_09.png,0.15,15.0,15.0,15.0,15.0,0.0,165.0,-15.0,165.0,165.0,0.0,180.0,162.9462432861328,162.9462432861328,0.0,False,nan,nan,1.0,179.0,1.0,166.0,14.0,1.0,15.0,165.0,15.0,165.0,15.0,raw,0.0,0.0,179.0,1.0,258.2558288574219,0.0,166.0,14.0,1.0,14.0,1.0,250.47959899902344,0.0,46.46873864161108,0.9996961555616037,23.782211907478903,0.942330105835608,nan,nan,nan,nan,nan,nan,nan,nan,nan,nan,nan,nan,nan,nan,nan,nan,nan,nan,nan,nan,nan,468.04776042699814
orientation_batch_09,datasets/synthetic_orientation_512/orientation_batch_09.png,0.15,30.0,30.0,30.0,30.0,0.0,150.0,-30.0,150.0,150.0,0.0,180.0,142.3761749267578,142.3761749267578,0.0,False,nan,nan,1.0,179.0,1.0,150.0,30.0,0.0,30.0,150.0,30.0,150.0,30.0,raw,0.0,0.0,179.0,1.0,258.2558288574219,0.0,150.0,30.0,0.0,30.0,0.0,246.59376525878906,0.0,46.46873864161108,0.9996961555616037,20.96566532461557,0.8909435993695421,nan,nan,nan,nan,nan,nan,nan,nan,nan,nan,nan,nan,nan,nan,nan,nan,nan,nan,nan,nan,nan,457.5838949531317
orientation_batch_09,datasets/synthetic_orientation_512/orientation_batch_09.png,0.15,45.0,45.0,45.0,45.0,0.0,135.0,-45.0,135.0,135.0,0.0,180.0,144.54180908203125,144.54180908203125,0.0,False,nan,nan,1.0,179.0,1.0,135.0,45.0,0.0,45.0,135.0,45.0,135.0,45.0,raw,0.0,0.0,179.0,1.0,258.2558288574219,0.0,135.0,45.0,0.0,45.0,0.0,249.12269592285156,0.0,46.46873864161108,0.9996961555616037,20.396921856581898,0.8754338525318879,nan,nan,nan,nan,nan,nan,nan,nan,nan,nan,nan,nan,nan,nan,nan,nan,nan,nan,nan,nan,nan,447.7301761507988
orientation_batch_09,datasets/synthetic_orientation_512/orientation_batch_09.png,0.15,60.0,60.0,60.0,60.0,0.0,120.0,-60.0,120.0,120.0,0.0,180.0,126.77633666992188,126.77633666992188,0.0,False,nan,nan,1.0,179.0,1.0,120.0,60.0,0.0,60.0,120.0,60.0,120.0,60.0,raw,0.0,0.0,179.0,1.0,258.2558288574219,0.0,120.0,60.0,0.0,60.0,0.0,248.49253845214844,0.0,46.46873864161108,0.9996961555616037,20.64120591561946,0.8835401597124735,nan,nan,nan,nan,nan,nan,nan,nan,nan,nan,nan,nan,nan,nan,nan,nan,nan,nan,nan,nan,nan,455.2667997777462
orientation_batch_09,datasets/synthetic_orientation_512/orientation_batch_09.png,0.15,75.0,75.0,75.0,75.0,0.0,105.0,-75.0,105.0,105.0,0.0,180.0,169.9354248046875,169.9354248046875,0.0,False,nan,nan,1.0,179.0,1.0,106.0,74.0,1.0,75.0,105.0,75.0,105.0,75.0,raw,0.0,0.0,179.0,1.0,258.2558288574219,0.0,106.0,74.0,1.0,74.0,1.0,254.85009765625,0.0,46.46873864161108,0.9996961555616037,23.126339515176287,0.9325338956906576,nan,nan,nan,nan,nan,nan,nan,nan,nan,nan,nan,nan,nan,nan,nan,nan,nan,nan,nan,nan,nan,447.5500676780939
orientation_batch_09,datasets/synthetic_orientation_512/orientation_batch_09.png,0.15,90.0,90.0,89.0,89.0,1.0,91.0,-89.0,91.0,91.0,0.0,180.0,211.4822235107422,211.4822235107422,0.0,False,nan,nan,1.0,179.0,1.0,91.0,89.0,1.0,90.0,91.0,89.0,91.0,89.0,raw,1.0,1.0,179.0,1.0,258.2558288574219,0.0,91.0,89.0,1.0,89.0,1.0,258.2560119628906,0.0,46.46873864161108,0.9996961555616037,19.680075606373048,0.8538990096119962,nan,nan,nan,nan,nan,nan,nan,nan,nan,nan,nan,nan,nan,nan,nan,nan,nan,nan,nan,nan,nan,461.92766726017
orientation_batch_09,datasets/synthetic_orientation_512/orientation_batch_09.png,0.15,120.0,120.0,120.0,-60.0,0.0,60.0,60.0,60.0,60.0,0.0,180.0,142.37506103515625,142.37506103515625,0.0,False,nan,nan,1.0,179.0,1.0,60.0,120.0,0.0,120.0,60.0,120.0,60.0,120.0,raw,0.0,0.0,179.0,1.0,258.2558288574219,0.0,60.0,120.0,0.0,120.0,0.0,246.59335327148438,0.0,46.46873864161108,0.9996961555616037,20.96566532461557,0.8909435993695421,nan,nan,nan,nan,nan,nan,nan,nan,nan,nan,nan,nan,nan,nan,nan,nan,nan,nan,nan,nan,nan,453.45403999090195
orientation_batch_09,datasets/synthetic_orientation_512/orientation_batch_09.png,0.15,150.0,150.0,150.0,-30.0,0.0,30.0,30.0,30.0,30.0,0.0,180.0,126.77670288085938,126.77670288085938,0.0,False,nan,nan,1.0,179.0,1.0,30.0,150.0,0.0,150.0,30.0,150.0,30.0,150.0,raw,0.0,0.0,179.0,1.0,258.2558288574219,0.0,30.0,150.0,0.0,150.0,0.0,248.4921875,0.0,46.46873864161108,0.9996961555616037,20.64120591561946,0.8835401597124735,nan,nan,nan,nan,nan,nan,nan,nan,nan,nan,nan,nan,nan,nan,nan,nan,nan,nan,nan,nan,nan,454.7097608447075
orientation_batch_09,datasets/synthetic_orientation_512/orientation_batch_09.png,0.15,180.0,0.0,179.0,-1.0,1.0,1.0,1.0,1.0,1.0,0.0,180.0,211.48193359375,211.48193359375,0.0,False,nan,nan,1.0,179.0,1.0,1.0,179.0,1.0,180.0,1.0,179.0,1.0,179.0,raw,1.0,1.0,179.0,1.0,258.2558288574219,0.0,1.0,179.0,1.0,179.0,1.0,258.2558288574219,0.0,46.46873864161108,0.9996961555616037,19.680075606373048,0.8538990096119962,nan,nan,nan,nan,nan,nan,nan,nan,nan,nan,nan,nan,nan,nan,nan,nan,nan,nan,nan,nan,nan,416.3753520697355
